text,time,algo
24SX0JXB6MZ801A6JXZI3Z8CT3GOVVMV,0.005204200744628906,MD5
S1I29GVQIZSYRWFM18AEJIB1GYZ93RZ9DT8V8MWZP5WD4P60UNSHZKN7RU2OAVQTK2QKJ1I289915TUCYDYEF082KA65VQE2B61LVMDPWLM10N327D7M9EFAXEQSL3HBPMUYC4KQSG17NWW4RND0TTVXV08JYBYNXS0ABOSSQW6UAUNZSSPM845H907AAJQNAACH9LKDK0DLCLFM4GWM2U91I95HY94JFVIL7MYMXW29Z4V0IZLY8AB7RJIXK5TS87C4F4JNOI09CVGQ1E1L9CR5K892TE7NOBBCJBUJC5BB5ASN0KPMBSEFTWHIJ0D14P1PNIG53WGVEP63G4TRSM33PAYYYJ0O4QAX41R9IXG7NTG8G454DZ3OJUVKF8RHWJ2MNY1MKLCBIKXBOCV4ARGS00XUK72V7226313ROKSP8Z3PJFMO3QYF5RV44R4Y4DVGD22XZO92MGCYUEX5PXRB9C89YMZR23Z1O0YLUMISWU3UQZY0WIMRI5W6153TS42FC8M7V0U3XOR0R0YO9Y5UKPC8S90YGFY6XTBNG5ZKEE01BJPP1RY66A316EKYAKQ32HHFDVUC9ZXQP37KMCWHGV71RAXQA5EXS88IGR50B4S3MD59AYYX7KKWAZQ8FONMTFS9INFNKC8K28CN7TIGAGPWOCYMSERE2U92RQB0ORAZ38A9WNKZQ87XHDW61ZOMHMAOMLHXME0YJBZTOTK3FCS2KPV3499WHI3J1E393TBH8Y9XUCXFEQXL6VA0TN2KM1ZIAOCD31S19KDWSL89IY012GCXK1DUX6OHZBTQ73WQCR6QPFXGNFTY75QH6LOUWRYODCMVCKSQJ7XUU7JNVC4MFYQ7V09K1KSLTCUL7HT89ENETPIIP4VRPS3PGMHME6X9VLQGJI2D4IDEOTNCVGP8PG9R58ETUTHLGHRZB839BDIL8E57O6RUG3DSWN6SUEW2Q46DVXAV988K19NHDV4N822GCSKIKX3N,0.005274057388305664,MD5
I2M3W6XIUM,0.004759073257446289,MD5
G1RMV2RC2TQOUB1IFYPYYYF5JDJWBPB8PP658S0BL8BB2O5YV70O669JGK2NXW9RA8OEWGD43NNXPJPXH5M0BDMQK7ELQ36TBWFNZ1MHNCXTTZ6FYLNZ1VVJLMO7JXXJEP9PPOVGHBQLBK955W5Y5GKY6ROC1CM1ONBP67862RSGJAUGIRGN6GCC70GGAAWQ5VCUBMFTMQ3YE7QR9GN59TOME88HGFPK3NOEYV14KXW6IQE35MSLZHJPV7NLOLY5L8KLAOF9YJQJ66M29GA3343A62LBWNLGW4OIBHG2DVWHX27EQ6X2HLMRARXP60S7S5EZN93MLH0ZVGTZ0VIWKESCL7COJBBQZO7XMCNUC3NU7MQ5KQT49DRCWPOLUG0EA4G3GRI2RIGE5RIS3YIMAFTJ2U5EEBYBZ9CYE9URHPMU89JRGZL1CV0QFDEUT0SN8IP63HJCUEYKRYTQMUQGSQONT1FIE2WCB4HPL6GAIMSIIP7MFC6D1SY3SPLKFGWVV10GGVT4HOT0PDMTLBAQD8JDIKYADY5VX3YFKXPEDWYQZQDKZNLJRDQ1SVOEBI63KJJIXUBBEMH76IY0KXDPM3N9QUWX7UZJBEUA7E7LZG42P91VQQ41T3ZA0DDRNOXKQY0G0VC2UXF3RL1A132XBWAJ28PZCCEVOXN4Y8D73890643NPFQK85AWQKH4KYWTVVLOVCQ3N8LANWRYDIHN5I3VU4WPZZRFY5XTOKHNQMDONC21YCV7YC7FC55MLRF9FC7IYWT24A2M35UC1BXNEYCAWYSSXB787Q61MOXN3SE6I682DG0M64BXSWTJOIMTQ33K4RNWOQ3YEI8QA0UTQ48HGXIOREPUB7CH0XI2QDCEH5Z375E0ADJOOXMUCJLAB7CUKD85L8WE5L8GZPO76Z5K1D4YBL96B0D4I8B2CN00QPRZ8D2HH5YA4AUSIUGYSNSNXB793EJTDRMOL27B79WI3V0S3MVW8R70EIBA,0.005363941192626953,MD5
88LKWJOAUX,0.0050699710845947266,MD5
LXFTH2A4TI,0.005293130874633789,MD5
30H9FOAU8MB4SYZWFZ7PW9TBRJZRJV0GG42K0NP4CE9OOEDSBEXB97XQ66GTT5530EGYPKQ87F4B4FYG5FZSXUIJ0R1RFAPQ1M9A,0.0048868656158447266,MD5
TLZ4RNP036V78SHHDUY380ALXPVIM3RSF6JHNPHRRPJKZZ9YMZG9VVTFEU6SFQBZGLUYOMUI6IN4CZ7CSJ3OE5NU90NKOYZW36THY1YQQRQI9XSWRVKKIM2O47E9ELC5Z9M9J3EP02EBC1VNBISC7XRU4Q2TVAJ5UF9MHR2AHA5FAF2VL514Y163NTW13PW2C1NBY2BL80F1BSB05FYIID58HUI1JL8UHCECREWFAIQLBX2RU6WI57L7STJ0I4ORXMVJD5JOMJNDPBSZ3Z41K1L6P4AG0MD704WCI8I6I6ES95P2H8P8M02QO07PB4DK6NVKLLV263O892Z6I0MWYKJLSORK75GJ5EG0I73T0L1WUAWO21W577MPHA3OT80F09XZF5J33SW38PNKZAO3Z1G0XZ9Y4ZJICKC310HRQCFEAMXBUPJD3GN9ZIDXIVB8RKBXK0059BZIPGPSN2F22GIXHPTS7EGGGY93A49D0Q6V4I51TCJZPHR4B581Z5V4BE7SRRC4TWZQACNRT8N5HQ8GBT4SGD8SC2IDA739N91JB0AB6R7AA6K6FFNIWX5QQ7ZX2OJAE2M0REG0JUY0WGKIQ2N7LQ49WI9BJO1VHNBTO2QJZSWYEQ3LNBKOEH3MEQKE4E5PXHRE0ZA0XRN4WUNO3HA1NGP15IN7K611A4OJHEH10KZMDDYV6SEP23XD2BRKICO0YWHJJ0JGT0FTFS4M05NRGLFP6CT9MQH924MZ6WCKWRBXO17UQA7AN0KDSBKGE3VYEI3ZJWHEL0DNV2GSGJ2I6SHM0N2V8MR18CXNNTQIIOP1WLTA3PQ0Y6ET4RCT0TQ780A26R4YUP6KD7WQ0CVIBCNQX19U8YIDCO9R0I5Q76B760S0EALVA4A86EPD7BDN0OGVRLQ4F3EZSKI452R73UT8OF2J4B3JTFX5NBQ8K038M0H3DL3E3ILA7NB3N9BTABCZYODV1QIZH9N0CXVI000MSXG3BR89,0.0050067901611328125,MD5
VBC2R0SJM2P4VWUPZ5LZ9J8LQQIZND8F,0.0052149295806884766,MD5
NHGGVM7W73,0.004992961883544922,MD5
DO2Z3M7SBZG9QDWQYUP6GASS6LWUJ8LMESVPOYXNEIBFLD0L3KGY07UJT32FT6DUIG45VA6RSUGBFBRI0PEOUGII3WE6RYW2JJUA,0.005208015441894531,MD5
TV008Q6T0TQ0NM6WTKNNBB0UM0D37QQW8RP4MEGERH9VPST1GQL8DPBBRPA57P9CVOAJ6RH1E4D45QMVYXAS77GH5B71PP4GIK5P,0.005007743835449219,MD5
K7W0W7XAYKP8FTNYC2S8RGG532XRWFC0,0.005579948425292969,MD5
DPUM982TCK,0.005589008331298828,MD5
6F04GHM2JGLJOL7YJWW87YTO4920BUGRJFDCWQOLMKU3FDGHZCE5L0C5ZE8QCJU880UFC3XHA6PUO0MNGXOC99I3RE0HK2TN4XUM,0.004389286041259766,MD5
3Y0I70L8HA,0.004263162612915039,MD5
NEFMS6JI4N,0.004106044769287109,MD5
3785F06VX73KYYCX74HHSWCMHM3X3CQ7,0.0041658878326416016,MD5
RSN7DYBJZMXDTCM5N37IGVUS2U2LBSDM,0.0043179988861083984,MD5
00PLR16UY2PPMJDI6J5FVVGG0S0Z3NPEHHOLZ8ZSFZLQ6Y4WE7WYSP649GNAR8HPT99C17E8HM7XF5K2IPM95EITRH3708XEIW2D,0.003942012786865234,MD5
LJRQ1B5AZUGFTWFWKLF1EX5Z6NHVYR8D,0.004239797592163086,MD5
DD0FLQ4O71YLNYDMP2JM1AM9IQHG3XMOYK9D3D1EFW1Y7H6ZR6Y7GXIA2V26NIXFH9JJXKZB8SONX45EZ6MJWYBK30K5QOFT1AHO78HJG83L7KJJFX0LKEJZJ0D4189OXS9V1QX2JFRIN1NG6LWGOHRG9NGTX3XYSV37V8FSYE8Y64GRKNIX86KGC3LEU8DKFK25FHAK2WKE5G52BUOUX4RTKDFSWMFEQ5CARHY89MULBJH9BFUMZEBTXGQDGWMWR2Z5EFLPUA67C1CKAT8O6QJ6Z1QUN5FR5RSHJOJLPMBCNS8UO9GZCQZQNQYAYTTA32XHTA66OL5Y0SRZFWBVIETG2ARAEZ0NW7EEM6AUXIUV68FM9V6ZA31HUV10LTRBF0KS28DFVA5B2K6WFP68IB93ZM9ZODUN19MTI0R14FP1L9P7GESD8PBV8B1FQXQOSC9N2JSYTFIMM6TOKVDORDJDPNBU15YKVLKZJG3EPJ1KXKXSESLDLRIFBD9Z6AXN7V4QZEHR8K74LFC2UH0YS0P56NPBGKNQWAIWFCP8NWXBMUY5A42B68H852DQUG5AFN3QZRS2Q66LOR92Q9LFQZ4XN9HABIVZIHB8DPFSAFZMLPJJ7ZIP7MR1XJM2PQX5M0ICXN6F25L4YLLKGUERYOYDX5A9WQK61MT25HF4NYTO9716BMRO40U64Y8JMEBGKG3WSDPAIIXABWRE1ET1UYBDRPDI87DSHWJ2MT3EEE2R5CYH2OE7MHHW6EY4O62RXR20XG9CUQULB5T9SPKE0TCWPSD3YNLNM62M4B9HN9CC8SB1PWU0I41H91QWXW7WWKF1711TAH5T6PXDDZBI143FWURCR2QNZN55D7R8WNEGAGK70L2XCTUCFXJ110WTZQS5YOA6HNWGSA59VGTFYEZEVZ7M52LW45WM35TU40Q34BYD9MOB44MDIX6DOT6NKGN956K7388NUFWLU7R8CV7P6PWWNB4V5644GTKT,0.0042667388916015625,MD5
I6H5G2MT9GS3FHS7GN5DAHT5QEWGTX2HLHAAOSLYE2I5DY6PEJ3QQZHLLZWBBA3WA1FHNLCL5FQV6PJPIZTXZX8BWQCS1RTHNC6QQXEMK641VWOUEDAQR7IK2Q68WUVCYECF15W04XXAR9KL63UM4BKT7ZANJAIHJNE8YE8FXIY1F0ALKYJHD70F9DV09XJVABWUUF5EV1ZKKR8DZLOPZA6PB8BX6NZDAHC5HN556LXO8CR4DTNG01D5O88OPSER3Q42JZ1TLMR1AOCTAYP9TMAO4ERMDOEFMMO3ZFEWPWE6FXZBAS4ON9CHZZ8OOPP3PW4C4HBXVJHWB2V07CQG6SG8MS3BXQKMFUL26GEY63MNHIN00M3YLOBFCHQWQ5KGVQAMUGRQ4JJWVIM4GJJ3HZSFECMMN8P82MGK4WXTIQJ6ERS43XGV1HP816LISS12B42SCVE3EBRMYWB9TB9M4T6CAEKFH03IFSKB6TMIE2ADEOWP3WJ88DBPK74UGYAAR4BBHQJTINFIEBVSRZSP7ETLWL2HVLN675U5FR97K2MJZ7V1HLCQ7PP34L103GJ7P6CVWAYFEBBSCFGQ1FOIEWOTX0YULIB8SGPQ5XYENZD689ADZBQ9KBF8ZMTJ1AR2GQF0R9HWEVGCTDLMJB60T9ZV971UIHDIMJFB5SEQIL9B94IX8N3VQU04A50X8SB9ZFTB7JK6OASVK800UCKNEXSFVS8SM6KBYINGGDIOPKN9WPPFM2FDV9J6KKKWBULXCL0EASZ7OOC06E766RRLWZ1V6JGNNMD0Y79UZXZBF3LUSYTY0DMTGQXH0SQL8J5M657QEYMJIQN3AQHCB42EANDGG66PTDF092RYJWBHN4O0H6FS6NHWMDXENP5XDY7A7VPN0X3BSB62IDESP1M0T5F3UFZXL1088W3E2J2M8PXHAPW6RLK2JJOJA4LGO2G21HV3XESMQ0PMTE9Q7X1CS491DNFIPZ5NEQ87VQL9,0.0039348602294921875,MD5
59O2ZD49XS9FVFTOWL4BS2UBDNAG0T1O3P6X1ID1PRP906RYSKXVCIKL6AV0TZKOZ7RUCDPZ0GSJ6AY9S08QV8X5QPQOQ0U8VG9I5IF4KU4XFKZCS4ZD636JCNHNRBANH5R9SRKXWOMP8CQFIWOMCF2CBCUU6NMAP988NZETWO8Q0U1K5BRZEEYBW3ANEE0TSD4RGE5C914HGXQGS0GALNUG9X7MCQBAUA0L8HO4IQAS8UBJ920HDD531D7U9AD9XPA9KWGV6RGHESFW1BZ2GO8HN7SWCBF9S8IOGZND14ZVPCVBZOHR96CQB8MKPPCBM2S422TVIF3HHA207GV9ALQ3TSTFXOZKBC2QSTC44UJ6ZW8TCRALGHLTAFXI8XGI0Q3AGG3LWCFOWNEARNDOKWSBIWEM91FVL1KB3R3M04V2KGR6ILI7DV2KHR1D84L7T8BE5ZP7A6H768A1CL953VN1FTA5BTQQAIT797OMVSEJCB9NC4UT996RACW73O5ENO2T3ERZFCMMVGIFC7FKS45GWK1LXK3W038RVTS9WV9LP1NX1YYMU0865FYZZXIORW415VW97C86K7YM8IT77U9J9W5D6MMCAH8P9V8QPWCVTZ2R0KRC5TRAPZ0PCGF5K0QXVTUBIE3N43QHNUFJBDUN4QUAHSAA1WPQKHT4SY0DOA3CGU7X7ZNLQJ4B42BQW72LFQYDXQSQEMWCLXAW3W43RWJTTEST8MZUX9RK7BHNA2C8PLRNFS7Y5RBKWR26KICTZTXNNNE57ZCC6V9WCJU76CXXNN4DFVS42Y7YCXJZ2VVOWEXRV6A9EYBWS3UEJ707H1FAVVJ80OF4V18TYFATO4UOMQ4HYXVUD956VW15A3CE13W0ESZ2FCTQTS0X5JJ4YKTZ24ZD6KU1O1VJZL5CJTNP8L8DF3RQVSKVTX5RADEAPOOD7FJPDV0FVRYF5ZU5QQ2OYIUI6Y8TIJX9VL0B0OSCVWHFH7J7O201,0.004262685775756836,MD5
BA6SQ1KB60O4TASLLDMZ2RJSHS2ZI8U2,0.004045963287353516,MD5
23Z1VCNXG6IM35LJ56OI1I0GKDPGU54TTIPHQHDIN72KGKPWFQZH6B3PTHUQ1KTTOABRAJ0JB21NGSWXKNM1AI07UVEWV9GJ9XKYDCK3YJKQZX5F1JEL00MT43UN7JSCABMW9MO3ZUB5HV36UA94MEEVALMS3O0N6PX601TKQ0D1S00BNA7G4JCKN6U8QMD2LI15JLSNKW1GU01SO7HG4DWGBTWD6ZSHTSELSU1XXJ5M04AMU2DF1WQ7LLVKQR1A7A9A5DAZWQ5239IHSXXYFJCO56SI0AZ7J7FWGXZ213JUQZ7V1EKW4LEERI44BRHATCFCJY0ND6OGJ2M2FYRLN30XHC3B1BZF895QTJMNFUIIF61N7VYDUY0ZJ3GCUNPYNWXMP1JN52X2QLC9UC4D3FQHUV63Q8DG51GZJXNUTH28BF075K0TLCQDOBO9T859SYJ06AJY8ZOKSZV2UCBGI80BUQB8IW5MUXV67AWS45RHXIQTO9VECJNZAT860CEUHQZSL1LIVZAQY0IA85HN0MKDY1YIDJ5XI70RAFM7HJ369M4PUD6VID4NAKC33R1Y9OML8G9H9K9VZ7AX9A82KZX2HI0HJ46CU7YAQSA56JEY35SBX5R4UQW4E0EN991KSUV1S435DSAD6MERMQBURRPB0AISANR27C0T0TZVUWSIA8SPWZKP8N6YYI80GKAGIF0UK8MC5T5JZ9QJTD7HEGPYKZ7UI75OY2F3GUIDXKF1FO7S330YUWECJ0EIOIFBHB0PWXTQNH29JF0ADM8584KF75YPF9JQOJLFBOCMYTJ2RILHPQ440HUMT8VA1VUW6QVXIJWQ62MB4W7JZ9RSUPO3DDO1ONJ1ICQ64C4UPX68D8LTQZYQPL5TUKHK668OUZXISQI9ZPRYQQECNBJ3RGAPR0CDJ8KD5GC8IB3YJZMZBWA02IPLWYQUXU2N8GPPC3FJIU1N8W1I05TYVJ7IETXSR1OZYGX7SR6KO2H9,0.004209041595458984,MD5
PJ68KMESSB9CTXLZPM6X7A6TFVUWX0MCWAT4RZBMEY996I2AG8HKCI44K8PX4WP7J34H2BP4RBPML062I0C57WVZN1WIY5OA4VQR,0.00426483154296875,MD5
ZT17T5R5K2FBMY3CKZFNNP5BOW7UWJY0,0.00403904914855957,MD5
3GFNDNZR9STUCGH7MAYWHTBIB3N10JWM21RN19RM1EHWY6LM3ALN7GJ15RFECHFC4SCH41PXWKSS5HBCJHT84I5U1J1LTQZ0ZOH3NTBTQMCK1EO2ZPSUFZJOV124P4INOP8DPKKCRQ599UATOU0CYF6UVJ38B8LX93JBB1XLDZWY2MYIQQC7K9K2D32YQTESWUQ8KLX8CORB4E92U7PA533XJ71DE3QO8WM0XXRYLOIKMZVMKUTLNR7ONHLBRI58XHGMJPTWFPRAQC349OJ7KKF1EQJXA4RO3ZT8NDA96TBS4VLKTA3ZKHZOV3GGR23L,0.004257917404174805,MD5
Z9DRHLZXYSFH0EHAV2NS62MXKYN4GVKWDKQBXRSYREDWN0FEZ3CVZIK7GKF6WXQZR9IDLHMB3ZGS00PDAT5EF06JP0KU2P1HPQU7,0.004072904586791992,MD5
1D06F6SFY3ZGYCL0T2WWNOAPQA097MT1RQC1L5M8NFVYB6IXCZVA6XO0W92AVDQNCAXVBV7N91EM7VVH5IBXMX136EEUOOMN5D2QTU02XISK6XM0IROMOO065D5W6LOEEQ4MSNLW6O2KRQKTPYML7GOBN8ODNFX84CMR7IZ6MM5XKNXJVPO9XO0SRZDKRP43RCG1XLKXNY14325S6OVTBPU4FTPW9QUV1GE7VZ55P6DGFW5G1EUU0ZOQ1UIFMEG1HNBKGDPP7CATD9ZV68192SPT1PLEMN440BSV83WCOZ6DLRDZA6YDMKO9H7RB57GKW4U21ET9OJR6938WRGVWV766713RPZYLVMWY2W5VYBI2CQMAMA530F9G0I4VARDTR1C6MNFUF27ZKWW6X52KCREVPU180ZJGH5YZJK6ULBKP1HW1QI1YX2L8TO4FMXMZB6ABBYVPFGCBWCKYWFMTDXU7DF86S1T1A6F3KZFL3TC3GYYQB6D5VL6DVJPGTCKXHO4HWS86W3TA3JPIT8UNPSMFYWT2HWVBXN2X4CU6MI8EG5AZLPJ0HM6I217FWE3ZG2TVCYJMQVMYY8QSIZJJF5TAJ7Y328HOIKRNKJ3BXA58PCIP4JZOED9EPPC7Z5E15F4JKR072A7WSG9RU0188CMUEVRIKYIB81J13PP2NFYGU6T8X3WVRFLP3OQ4Z1UP90XDRGILRLYKS8K2WWBR8W1XAZ1JELENZAO0L51WPQMGRVQPFZHZDJNJZGSRXS52Z6CKYTCDPWB6SXLMAQHCDIN0BPYXQ3O7KHFNLKJOWHKK3IFT2PHV41TRAE70HZNICU7YC6FEOH9VRZUMM8RAH504M3EKSEYET2UGHB3MRYMQJJ7NCW9A39IT5MO2YYJF5TISVGMHXQT2QJE10GT7XL1I4YKRRVMZGEIZF4EKENZT3BW93IAHRRX0I50I8C8EC247NDQDDVUB7FKYOV53UYCDS5VFDA7BN6E4ZSY3,0.004271030426025391,MD5
36FP6Q4V9QL3TWWIRI55Z0WB2QL0M8A5XSMN1VHBXVGWOX044ZGOTDNPESPN9D5L3954FO9WU1IL2X4QWB9JEE8PLBTH6S4OVI47VTC2FD10NEORBCTF2P4Y6FEWLIK3L6UGHD89XR616996NPBSC6G7XZMKC9VCJIZZ5G59KKIWA33L31G27RUJZREH2CT428JDZ1D08NBDM6BCIX4FMAN7I7W1B8C1KHGDLERF8PU7PKAVX5X6WPZ36TDDLWUHFDWTL9JL76JU11WEQ26BHT4Q74C6S1M95DZ8LEJGDDV4BPEJ42BFC0YRVI8SET41,0.0053997039794921875,MD5
P079OJ6CK0QGL8GXOOS2RFE7BM8B3JYV30LTTJQOBICCNCO846DD8QC4USTKQ6LWX3BVSHDW1Q1E87WNIULX7XUNEARIKKGMWRBY59RLF8YO3CP3M4SESJCFNGUBV94KU6B0UYD9CY96WMDGKWVA21ZHQD48KZFNIKM9QQEILS2D5A98THUJWOEZPN8D90HC4V44RRJCGJ1DVHKN9XPPXIJPC3LWJINB9JGB59SM5NNMHXA8X452IZF055MGG3YBE9JNXV6IIHFW0CKVVLMOAB59DI0LR9E0N4NGQ7LZF8THSGDSTLSWWS5SZH5A47GKMUW2RY9FSJ6MIRHA07L5UZYAV9BBTZM3EDGWYINE3FG877GVVBAFUV44ZOOGLLS7UC0GXQ5VZYDMGQWVGZ3NWS2RU6XWOTA0EZVTQE6OE5QFL9AU70S3URCX5YU86LP947DVUICYPGXTXJH7NAWXIH0HKUJN2DM9XAE848E0XNZHEO0FHBVD5IC5E9BKDRUV1M8X6RHDUZC9WHHWKRGGVEMZBOZOH3WQZKLDR42ONMO61D7ATFQIRTGZF8C50GAUO4APAD800M6LLM4092IDX0U5KQUT0TLFMR9I3HSY9FZV5QU9OJ775080A81YT7HYHB5EJZB8ZAUSFQILXWLX0D4W071MVHCG4PNV5TD56KHLCA665MM24CYE2HSZXAXJ0EO3WCBQ8ZD56Z9EG37UGYG65UXTXCB3ZXO5VTHAGVJXL7RNCEU25A9PR4AXZGNRKU1YEFK9L95T0OGXUUVAX1M8QK6YSUFL1ZWSGV7WQB34N4IEES2S5UJXM1EFLU068C6X4N3AOL9O1RB9B0GJPXTNMVAPDPM23B17OP8H40PXSMMR1P7PXYK0E1GRNICLYZZ5I1SUJP55MWKIB72GZFBINM63TTLFON6JYGFYQ42KDP5VL8UN4SXP9TPFQZBIEQGQLTRKYK51NDC08EPEHCN1B0MN3LB0IUGITAOY,0.004185199737548828,MD5
QNNQB85Z6XPAV8C7H79XFOFUP4Q1O9YO,0.004148960113525391,MD5
4R953F9O3WENRH0JQ3AXG88SHZ7AQDQL7NQ9JJBV943E11L1GYR1Z13U3WR0UM9XO1MIE7R47O9FXPZ7CYTDSJY2W28XSQ0Q6MCO3XWTISC9FWT5YXDB1TDWOIIDYYPW8VLX5PHESNRDG9TAHY0PNFDFS2PQUE1JP5BQ9RMLH50G6WGK9HRBQ3YOIG3GKM2HPBK7DD418SA7QF063HFO2UNB60S5ZWC1R7OFWY809ZD1JP5GHKL2V5YM5F1XTKLXITGD0YKLG3UVI0BYTVB0975OACUF46UKAZESXVBRNV7M1W4RIF4MR0N9Z3VAOZ0L,0.004065990447998047,MD5
K3IUSRRB0TFVS1XIZ313W51NQDNB330WKE6OJEXM2U2GXM03CMK0PZYB2PDYW2D8LY07RMJ34EONON51BZ2U92VEFAJW1FWIANJBZGSF9XZFCUWTU968A3PSAGFZAVO2GFIKSV3K2RLDVZIKGXVHW9AEMSMVOH13SB577ME6D2S9PY0O249UDK1IR743WWIXQAA518IWFHNT1TY25Z5ATM083NGCDY1CZXX2Q5HA5J5WOIKKC7AKM7PY774ZMI7I4RF7THMW2Y87XOVATYVZ24I0IM440C98WQF0Q5WK7PJHXOWU1ZXMB5WVATRFDRAJ,0.004164218902587891,MD5
UVUFXKEAHD,0.00397491455078125,MD5
CB1RBY1XY7,0.0042231082916259766,MD5
2M357N2BO7ITZXZ9RMOS026CZU8KVNPI,0.0041637420654296875,MD5
C6C2JFLUTSO328PBV26CUB064UI12NGY,0.004012107849121094,MD5
7HMDLHHEPJ1PVU2QWLXPI7F4M1ZQWAGC,0.005324602127075195,MD5
RPWDKQP409,0.010741949081420898,MD5
DN6EXINDR3WJCJIPSQ0D654REAN8UTK64WLCN2G3FEVGW0L5D4Q63AZM1ZDJ3E9MZDEGCU5INA7KZ2HJGYZ39E94TP7DJB423DUPD8HXJH73EZ1P8GPQ9ZHQX3FXAT3X8B7LTT26EYNYVFT5VVR2GYK41SSIL1LU7MDM17M0NB0MM3EFDZT9IABKM78M0U8T4V1XS3WOQM85D3S67A846RH63DMIRAZ3POQ5J0ENTEQQN3N4E35LGRBSD8I2HJTCEYEFDV2MFFWRE7HQ7MN8H7NY2QE3POYSUTKQRIBZ3ZWMBTXU0BD71X07XKIW6THMXP0RO3152MYZ9PJ1GI5AYSYEW8W91PSATQDI9IDXUM72EIK6VB7XCYDREEBFSI2ZHWNMXYH9X8TWOLKYMTMK0XII52NV3N75LOFUOSUWLK4607LGL2A9N4XBXE9POWMHRCWAXNOMH1OXYMLIH2RIMX245OJWO7E14NKLYD9POICQ55OPCZ2NB2BHTTN9TSP0OPSR96UGAXRN755FR1EPMN74EGVAK31LY38KF4RKNSAJ3G5KSZB86QOH7U3DE5CGARYECPJLYZ0RJMTJEYKFZLPGZBZH0CR0D7OIVYPUM01RE2R8VR8VB98AGH934KQ6MUHFID4AYNYYBJL6EFYCKULYLEUHKGT6H2FDYD4I5XSEKESZVD7K23UQSILKTPCFWWLR89AR6GC0LLX2VSVVHFRVRW21SPAR0YWVD2LW44HI7BECTEP70DET613SG6OBC38BEEWM29WLFX5SERL0MWDFWZDY4P2GITBU3IJT4GQDQ75D2477XPIOV3YZM4I1A7PG9BBD430UW2DI9JO4JD1B7X0S75YMTSWV2OF27ZJNT0ACN9QC5GFJOAGFHXYY0KJQGBJR1SJ8E76U40J76JBP2YZWWELGP7TFFZNB7BPR32KB930EFP0UHIYIU15UXFG4Q4797JS9GABUEUFK1XOKT590QHDT17ATGZCU,0.006114959716796875,MD5
FPYOY3MQD7FNCQPRCNGQTY4DQVW39BBG,0.008250951766967773,MD5
VP1EQ61PZFPPAP9G27Y320PJC3I2VQO9ZTCGK0Q6JLRDMCZ93YQ9DZ114BL97K5P8GS37KSQP3GS0AUZ6Y81Q7ULWS6VQWB1PS2SVK8PN2C544HS133OX8NFBJF56ZACOII1ZBG0H0WZ0UJ71FUDXXFOSWGGB6EJ4NKLEP0P1901QWGDJE1KZ23A7ZYKOUKMNNCYBEO10IQCQ06W7YGNE104SAUN0HPBYBQIS36BY9S6SJ1VK1BNT6151APZI6H9LC5D322LSVDNPEZBRVGRPH9ZWBT23H52STG1916RU86TR3704K9PECRRET6AZOAT,0.009637832641601562,MD5
5ECP64DBSSP1862C97KGXYQYIXPOS4952B7L1XOQHASLMIIC5DE4TILHAED8Y8H9H0A8JO4GE9J9KS0B0T5BF9KI8HVZN2KVTKR1,0.00896000862121582,MD5
LAFBPUW2EKOG0OV0L7AH8WAGAB25AVJ52MBRUJZH7RTELU9TNX3XAG6KLV39C5HDNNQRG994H4TQZOYLYNJV6C1R1M239LN75BZB6Y23HWKG0BHHP7IIP6VITWMSDMPZ8OUKR53VBGSDFYK9YSSI263MWBZ0SXVGQVEUFAERQHUQB633S91PH7HMGMVBEYBFSCYATY2XLTI9FWK6KK5UXAZXKF8FR4XXBG81VPTOK617M25QX18G7DRXDDKLKXU3FBOS2Z26EHART3UTCAKH3LAUS5SCW7E6K6HTF2VXFR48SE3Y546QYL9VRXGYQAIMTY68FRYCK63NWB6RE38SQAW2QXH3CREHE1IXCSWV8KZGGLPC3LC4ADL6IIAXVFVGU72PDP84MOCRD9OU5GVZH3LQFAXFF47KWJDGAEIJXUVVB65W7A36K3YRODJ7QW3VRIHRUI3F4D82M82TCX0GVB5RXTI32XKXUL40CQFOOPAWWVVNVVQVYYNVFY4OL8BW2SGWXFPY5BV3M0LIQRB5DK4DW7VIFCVIFIJ4XPKQHMY1LM6T1OX5OJW40IDYLYW8HFLUH51VYS7SYOZ1X4KIWJ6O0UW5VXHDBS8UKZLISOIBYA7KCG861IUB0U6DLPR8FYZUKO5X21RGN5MRI3EEUE2SVVAT6SUDV8OZVWJ4T45YF9JOMQ7ZSBLGL487LL9RSHO8BG1VA9FIEJOAV8MDXORVP9ZF1L9W5OZIEJ8N700L9APEUJXXYV7YIBKK8RWKWNBBAC274WO68WEJ24KLM9M2GYFOY4RZY1LMHJ3T9TR669Z3SIP4UK4WSK65HUPW79UK88JJVVAOA28YA76F8WA04WL72JV3SJ5SCSJL5ADWK22T5WYXK1ZJGW81RFE18ZJ1F7F7K87IIQRP2YQZ3S77B2CR82SO00CLEKDJNLQTS3S3MKF26T5TRRLZUL0ZRFFUQ04IIWIT9V1FRXGFLOIX54A196HD563JP1VP,0.00962209701538086,MD5
BXAZORANXUKMVI5UJX55UD4XS3O7NVTG6NST1C5HHFNREQXFA0ZMOOIJGYGNTPT4OTWBTFRCSYQCVYJA4VBVTZI718CQ4GGAQ8XY29M8F66GNUNI6T1SWZ8JR4Q0D6C1QOSTLCM12215G0HQZIQHYKCB79YLOT0A9XPENDDIPQ3SYUSDFC12T8EKV5QD5QW4E3QFBO992KSOJZ09XXATZGWJEOJ4I596F9AVZDHJYHRX74L1L70KLNDBYWYJ8DIFBUGAPCPXJY7ZAXU3HZ2S910GM1VN3YFMU9UY6O9384U7C3HWKLR8GN2YVY51AKICOY1267DBRZOI4B5TBQGR4W34Y84UD90ZDLQV1ED70013ROPN6AMXXDDHHZKAXNXCOM5KKV8K4TZD0UFLYOKGPJY5SP0FVSM32WBFQ37OGQBGT77W974ARIKRCBHCISTXX5C8V2WF4SY2X916ZOWW3ZBK7MZP2XFQ536JZGY1X1X2GBAQZY3KJNFMDEIUTJWEOFTWX3NWNGOEOQ6A8ZK0APUXDLJLLCLTOTAN90SE9JWFF27JOFT7CGL1EWK15U4J4SXBKNZ0Z28ZN3KGJ7LR8IDJ1COSPA3TJXV7U5RZ5EIGDR2RAP0G7X8HDV00YNA4T9DG68CSR8VHMSWI0C4RC7SFQ0S3WB77RW4QL5FEGJT3JM8DYO4U7VGI87RIQBOR3WXGZ18WREV745DQBFCWGZXJ3GLQTXPTKUECIQ3MY780EDQX6P4UOTWH5X2HWMD90DAXZ3OAVFXL97JDFEAYWODTJ72CE82G67VM1PHU49SAG5JRGUBSDFRJSVW7JXYGWY24HREFJQIE431GQQVKMIWSJ1BYGA35L2LV7S2Z2WWDM9B4PG6RTL8KSIQ58V1J3PHPBCIM2EWYLC3B85CNH3446OHOCE8WIT1YLRZRD8ECF3LFNBQNCJG9LIBOLMP1CCM2VA62ZX6J49YIR12UO9820C9H4V7NV0082Z02,0.008365154266357422,MD5
73UR0NZ7XTY0AOBK32DNZNS6BX1JUZ9ZDW5ZD6FQ0L0ZX48NAEBCR051UDU84RW6073OK6ODYSYJNDS3HGJ7CF9DYMNU7KO6LD8CIY2DUVUFAQ37R7GRFSS9PGITAAR4F4EJLR3YBY6IKAEISBASEXZTTX12M0XI1ME1HVQHY2XS591WSZS4FQ0TG9K5ZX3U4IF33Y3BDLNF9GMOSA6H3SDJBNRL5E3Y4PAZVM53XXNS6D3S8IG3WVTIORVTMV84D54XNCGGJL5GNCWU6VARVRQSY972881WLMGCVPVHJI64C1JHVF2X0R0LVCYDDL8K,0.012791156768798828,MD5
8ZT5TTA6X9LUBB1L861IAN8DN8VQJVK4C5R8H6OBSIE724YEX59UNMP86Z9OVPP4IHJWAO3WF8URX5J46QO1KHU57Q4SVS0QTH6G,0.014380693435668945,MD5
BN92N5OZATJB8NL97U8PIOK2GCTSS7RANP00QAZ3F39K9GI4F3NQLIO68S0NQJSS6Q66PM5O5DVP52SYYJMEZVG9LB3XCVX8KQ7V9YRS8L73HBHL38VT5D2D86WDIOGJ7Y0YWH2S73G4EGXMKWUH2FT6WM4TWJ0EA7KEHCEM9K4M4NHFOZXXF01GEVF5T6I1LOIX5AH2M4RYJR9WFMM9INGYRNZPHMDOQ1RYWF3MS3M8ZP2N9WQ7D2N33T3G36BJ3DR52D3X7DB11T8F22462IXUQ9MPIY023LJ38CZLOH61JXBJBYJPOR7S6XMJB4O7,0.013890743255615234,MD5
7V3WC50QG3HZUZWWTT65J5ACZPJ6IT05,0.0080718994140625,MD5
ZZAX3119VD6N59B1W3TZGLFJ3538TA5XSJXMRLT4H9ZKRDVZZQEWE0J2YR6RE74GMF7VSWLNWXML5JKCWJXFI8AVNHHVOADT6S6V,0.0075609683990478516,MD5
OH0IS99IP6I51YOQRNX11JNX7UWKWLA5,0.004479169845581055,MD5
3XV9Y044IFC4TOCYUOUA1VHOVRFGZG23,0.004206180572509766,MD5
8YA2EMOL7H,0.004617929458618164,MD5
OBVIBD8IN0DI7LY8COTJ7UBYM6I09E0C88YYMYRXJXSFFT1J7A8FSEX442WU2WYK1E6PCCR4G4TP4OIOVT9Y4DX0URT0DNA21WWZ,0.007932901382446289,MD5
6EGI88RH2O,0.005276918411254883,MD5
6YVH4T7BA5VCMR3IPPMAPJ3VY45ATD98,0.00436711311340332,MD5
FOREKFJJSQNAGL2NDSV23TD972VEB8UF,0.004339933395385742,MD5
C8Z39M1KQJT7OKYEUUZJGV3F2OS45GR1,0.005101203918457031,MD5
1S7C3RH07PEBO9WSEHGCXI5WULAD99EX5WUPNM6YQKC00YWKVR92LJUGJIHF876LRZMKLNGK14UFTUOKD7X8WM3XKS9EQLE1ZU3M1YSZLBPDFSGQZJLU71A0RU5R6JF7FQKPQ71TAHXX7ZGY1VOK12ACGUP3IY65NTZL4E3QC4QPXQGA6QQ6K89NAI4LTLU9YNA2SP00VNRVG8OAGQRE087VJFJHCYFBMEYV2UMAA91GZUYMYZ8BB4Y59U5T6XY8S1QXC7C65D2NON3R3YUN8I4NH5NLJT59DC8P2WI0A4F1GOCLE77M7OU694JTHP5O,0.004775047302246094,MD5
PGMQB1RJLC4LYVTPQERFH2S01DKS01U70SXS6CPQPM8K469J37LGKW74YHK7M8TPH1PR2I77490R0P5X56T9B2V1KPRABDKTUHS9XM5C05K06KJJ1NKB84HLT3FJDQQZ0M0LU984ROTBS3B3RZF1JNFSAJWYGT4FVKDJCLOW7OSSRTMVU6572U5RAL661KNNT9HBBITBN4SQXBRIWB041BJ581CZOS9I13XS1ZS2HMH6BX7OQLJK28565YUA6GQJZZMQ7OG4TCSZUNAK2JQ3T9LGRD7WUYESKLENNEQHXFBQAEDUE6BWI5FWEHA430N7A1S686019QZC7QL3JZ5OGVVUP4VLXPXZ71HC3ZJ6DOBIWS4T1WXO3Y9VLCQL6UEAMU3KBZ8FA9MGZEBKE4PEE5169PS1HPHFCY9HJLGNG1KBDKEZQWOCZ8ZMG018ARUZ49U2U7I0HPSDIWSOCH8U284187K6GTH36R1AIOE5DGY9UEIOS59KFZTO8OSU3Y1Y1OXYJOLW5QDVFHSZ1NMB8XHN393UVWC8S2ENM530B6HMZJTL8YO25U8SG1LS4WA52SBQVRA9AFCOA7X9I47BZBNIVAGHTDK3ZFJ8KKIY3NPQFB0XYGEIROS3KH5H9QHCEQ4Y6BSOJ5FXNX62RMQR5RT97KEK1EIXBJ1UI4NGPSWFIJYNKZZAV7JHW248MCIYSHD6MXGI6UX7CHMONMNNC5BKDX3I8O9M792MBTU1E0UJ8JCJ381VHFA0KOZZX852SUX79U4EU5MXGLLIDABFL5PWCUDIUGPQNUJP71KCS13OAGN0KVW86MILQH85B871HJ7S4F5N51GG7PM7HYSTS5RT49SVY7IVEE2SR0YXG0OOJGAD9UF5BRSM1XWA6A22ZVCM4S3FU02JF2A7D45IIW4Z754W6JZDLSSNIC1RJ0T2NJKJV8NVYMNSGRJXU1MG0HJ6QR3GODSEXIJZTC831JM1T4DLZUFZTFYU33PZ,0.004446983337402344,MD5
8A8FP85ELXVZYAXB91I90ENEITYG36US,0.004370927810668945,MD5
ND6SACIICZ0PD90NQLLG7R9JQ1EDQWJ4LY5684UERQ50P87DXBGDK460GMJX4S0MAV233ZH53QVYWDKX19CNEL8BFBXHBA6CM4Y10WFK8BM10XCD4KRH4UMUSD33UCS9FAK3SFIXV8IQXBCA5OJ30G2LWZJF6YIX3M3389QODTF1BHAKSYHJXZTSLWT60LFAKEY5TTKXAQF98VLEGVNREN64RMWF40K7W92XETJNZWS0HRZO8Y4VIWBSGC9W55Q6ZURTJ4F44S4ONH6LL9GU7S9G7I55HNZMF43DADPA562IJDLAIG8DJ2QQLT740Z2K,0.004224061965942383,MD5
8Y7FZP6CCHPCYLLZHCUA7VM0GHCSWX1QGIG3ECPHLZ4BRCOAXNMRTDAUADCJKE22K5H8TS4QXRKEXTVAZCWCXVCZ8WK6EG1PJVFFRY7I1BAM0PREM1N8JVQECK9GE9ARTR56344JADOOYDKUN0NF0FURSXNAND8PKACAWC2MITLI8MCTHUX3Y0M2PLD5XZSP566HTHFKLCYARBPBFMNEHKX58JPS6QNR8EG5829LFZAGZPY8SP0GENVH0AJSY7UY4KVADY2ZN3EEFSPL2T89OQUPU0VM6IHYAOA16PK06JO4UXUNBSCBT4CJW7JNY0PE,0.004448890686035156,MD5
7CLRUPDJXD,0.0041959285736083984,MD5
Q9CYIOBMC7CTB9PRH83ZE6NGOWNJZKG6MJ09K5HPM0PHJXYNBI8BBY64P5G78BBWOBPKJJHJ0JDDR6HNZMEHJ1VHWX45E4DNISYL,0.0070438385009765625,MD5
0BOYJ9GRXW0ANHQKPRWJGIBWY9SG04UET2MXHC0BZDGRQPFJJ3CFTEP5ZGP5X3PSLV83XMJRGVKKBFOEELJYNUMMWLTNFMRSI5VF,0.007015228271484375,MD5
OZUWDKZ7935QM8ORQOIBOCEQBWGDVWLS1ZX9N170ZT7GYE9JUG2E36HEN0NZDL6BY66G553A0FXYHRQZ7ZHY3YANE1X53ZC1N2TN,0.014271974563598633,MD5
I6SE2D7X3X,0.009147167205810547,MD5
OE5OGK2LC8E7SNDFO6HGM15PUBS5RRCK,0.01357579231262207,MD5
21GY1JMIKI0C3WLG2FK1AXVBYIQF6NOCN18U7299Y0P3QSRR4439ZAILMH4WK4MFRM843KAZITMOLUKIKWKI1AJ1M6LIFZMAI29Q,0.013666152954101562,MD5
M6Z1EHJ6JE6O29XPJ11T7JIEBL5OIUH225BJM6TI2UJ1BFXPIPAMVPT9C2E91JLXUS6YB98614ZTCARWTF8UNPOTG7K3WR9038R4,0.00568079948425293,MD5
B1M527H9AM8KJ55Z7166QOMJZCFNYITD3F6K1DPFXW4CM9BRVV7XV2U4TAZANMUY9XH7XK9EZSJHR6Z4P1QWHWPVJ2L7RZB7C673GPET6WYJ8XCFAL2OGXIDHIWWEP8FHJ74QZBHQ4NZ3DZOEHYKULZQSRHLRDPJB2HCFQOZX2N3DHFMT1R4H1IAI2PVBUUVD02220PM3E6SSPO9GDMQ0P3KFI6KG4Z84MG0PTFPYV4PWHVUEA5ADD636LIS2V9YC2WCPRERHH5A1ZKPWYKGCD9FJK7KY830FAV61P9P4PSJRDBZTG8MNDUMYLJWPUP12CAPLMRQ1FSOKB7IREDPYVQUQUT9SRXF7TF31NDCH8GI489G4ABB90I9Q1RV2TWW81QJAB26VZF2ONVVXLWPFNSGU5CQTSC1875YXJ90MCPLHWV54ZDAFJ51X15PH3TUVRPXVW88HQ06ZQPE6CL7AYZ18UC4HLM7N3WMATYAOBYNICQBKNHI0QFA99CTWWGP6EMH804G7PZHRM27AHTM6JT4BDB92S5EWJHDJF7XY102XLJ8Q1MT4JK2WGO7WHGMKHAF08RRTMRNGC93WO6IAMRKJY7RJO65QCQNBUEMDAZXZ95E5VA574E159BZ10TQ0WHS1PBGLQPSZ39TYDPS6741L3VGEE6FFAQKSR7BWT8RWUAXWQBNGADUZWTQZP0CW985Z0KK1WQOCS5503N7JD13HR09CJKYIAEU6M96SK522X41FSC25Q9T2R8PYAQ70CH26O5LMBQ77OYGMCT39BWGELL9LYDR1Z94RH4T42S9CTN9VOV2K16CYPAI4RCXKVG70UQM8E7MA10IOWWYEX5QTQLPOMNS5UYB1NV3RS1S8P2JDWF8NX0GJ9NXNIP34CRMK7SBMM35V2MUXXNZ405DCVU4CGVIKG5IO1E949FMYBW6PU3Q1FAAG26GD2NG921MKXNOLTI0H8D6VVM4KFI5DHI4Y5MEPZ0KRZLB,0.010833024978637695,MD5
SWYXVIDL069CH5KC9T91XCKEKW6A99YYP9EMMVW8ZNO90XZ4WEW7T57YR48EI90SQF32VEEIE97YFELG9EQB98K8PR4KLSWMN9W45UCVQJCR2166KTB9B6K2U2XZ7DAU54T3NAD6IIRZ3N17OCCJ19EN7JJEWU9IKKSP9PCPYYE2X33JSWNVTSRMYUM3DPVA4R4M3KLUX0291RLG1HXWXFQMYK3P130L8WCG1SSNMC5VRLAT6NPFBYWNU23YVUQXHIITHVEJEO4VE9BK1MPGOEQ785OIZA76C6MWLBUZI9L8D3HUGC8AERM1WNBCBGO9,0.009422063827514648,MD5
7Q5IDP8G40O01AKDET2LQ1UOM5ZHIG5B,0.0064601898193359375,MD5
8D17PW7TQ0,0.0042340755462646484,MD5
NVLBNM737M01U88K2ECIYEKQX4TBBZ69,0.0044291019439697266,MD5
TEWWL480X0XVCJW86QHNLVKQRDWPR9RO,0.0075571537017822266,MD5
49RS7YNH0KEWZ5CIGUO10GZH94PTTW8Q7X97K8UM36AU1ZYWF4A2XO7KPRDL6SIGH439V1NW5YHEZ4TB13L16LT1W75CI86MCQU90ASCQEVYP7R4N65KN9QAQN8OW3NKGUYIAIPUY8KDJZYWID71OHQGTLUKQ9DBG7HW2CHBMJM0RUXSI9UBOWIZ8MAVYY42SBOI60OP23VYF0QEJ74JWAXMCJMH3TP5F2OISSXXX85404ORN73AJW5QF4U3EXLYAGIP0EMYYV0VNTYVPOQC8KPEKMU1SPUV7V17DADJKCAETT28Y54FQ1E1AJOFQ3OODHCSGQMAEQGT5TVK0BCNT4N2WQBF66WCAK2SYBQUKQ3CPCFYONALH3DRENNK45WUBT0GJ4HGCZGRDDEVHDF9W4X7EV6TTWXF20ZSZ60EVQEAH3R58SB9NJKBGKBXDCLD6M0UNOYQNPJP64GOA5AY9EJRR3ZG7L3SUIQ0AB9EH2JCC6H1KEPEWX3IVFA0TF7W8ZPQ6ZE4VXDE62B6VBOMHVEYGH8JKP6R30R9TXDP20YSJYQ9KZ8TI0XDER6PUZW7O5JYM2KTCIO1YWC2GS8A9JT2VOIF9451718QY11GMMD8QFFEVRKLU1GJMRGYHVOQL5754YFGJ13L64GZB9BAP20WUDC8X0SHELEDLT66SVP9FV82D9Z7Z5WECX66BSYIP56UL6TQHPBOY32EJ3T5XSFB3HE9NKUEIP3RJN2CEZBC1UZRBXC5LZOOW8G9QV0W7FSRSKLGPQVYYDIPL388QK53LQAI14FGJ07V016XHLK49LU0T4L07PX4PR38ENG4ZU93XTGCFZ5WLR892GHM3UVJY8N8MQC53MPUIQ1LSZXYUN0CJ6AH2IP46B8WKXUM3A6ISGTDD6CHPC1WB70KVHCEEOVPNL49NJPC784M85L5QPCQ2WH1T1EODEKXHWGPIGPJRAX62HUAVOUAQ2BEC0SLCSA2BR4E4WA87L5F,0.007418155670166016,MD5
KD3IY6QKZA202R2EVMAYD5O0H6X5SWTD78JU0PK2BNFC0G8J4S7HHRYGAAX3977Y5MVUNNYO3V9XX3QSQ2MJ6FDBJG0ZYE97B9W1,0.004573822021484375,MD5
NK8D3M5AFU,0.003921031951904297,MD5
YJRS15U7B0GDTZ7T7IN5HOSH8H5M0MX1,0.0069429874420166016,MD5
WDYGJ63IEFUJLF8I0C98NI6RZ747GPMJB02MPJS2OHZED7COODKX2XUSI38CKGORT6DONWYQSYBBE74UM4RNX8XWFLC0VQFD6J6YMNZQPKCJU2JGQO9RNSEVD59C1A37SGQCUVYCJ4L7PT3B4FAN8B33V85RJ09HHU7GPGWAYGV5F9H5PTJUHAQFF83GX7LAXSYP1YXFFXUF3CDHD45TJM6B27QWBICTUIG5IGADJ9NPS6U5OUHDYLY7AXW8S83KDZE1ZCJQN0OSSJKDNN5A4DVORDHWY51FWARDNZUGX8CITK7XLJ27GOV9CLG0Z50Y2X2GHD2MS4ZGY4I1IGKP1PQEPGY5TVC5PORCLB809U1H5UNP6XBYTZSNE7YN90L1B792F3V0027FA82XAM80Z4BW4M840MZPZBVCHAZTTR59ZO271DXZ0RYUG4I9UI8R8KMTWU7711FIOCIC7YLKJCA6UM64YJ1B0O2P5V2Y06IWCMS5H93564NDQKUNMJ3HSULQTFKX1CUZRNXAJGQK66ERSLYQY8JYDH979BQUJQYVMRKAALC32F75S9HR4KWYDEP2BFYYLVE6A7S04954NN0FU08T5QX68E9AFXNUYJC7G7QVM4YBK2JDN751K0IK446QLTYPAJ32FM1NXU54XUVLIJTQ94LN1DT1KNZX57V6DYUP2CHFQ8IBE6HJG5KEG40EXL7HIIEM45JYEC6J5GDJT71NJHAODPNXTPD61RSJF61GG68KKR9RVPDNOX3S4HWKG9FNAE1LI3J9XUPB202KLSYD5BANMOT5YYVHK9W6JJYHYP859YFNURH57OB6HFOYHC50MNYWM72YAB61HFESVY0BOSU37D87RMUFC5NY5K2MRX60C7PKBDCD7734U9H6BM17T5ZIFQCDJAGCFIFY1FVEKO7JQVG26MDDAMGNERTFSRJ1JIE1HG8J6HQGFFZ019Q0ZGQE918WI0E9TXHRNYY63ZEJW83FRAL0,0.003986835479736328,MD5
0ILRAAVA4CSJY826H5E3UBCDCOOMK9B4O72IAO2HJNTP2XDH26U0Q2UHAHBSWS1R3YU1ZASAPVYJOUN4IQRAGL1IJZRM7720U7HQ,0.004359722137451172,MD5
9XXU7PUABTWPIEHWA7FYJTI5B5SN8KHVF2PRIVU8PD35Z7H7VQH9E8G02JRB0DLWJK8IE9PP52XUXHFI4FGYU6K6DFQLQ7FI0A0515DD9TL426UVJNIWXA8YK9Q2HGWEOZFEY31CHSG24QQ0O20IY0UVBNNZIQZVL0T7DOIMHXQJBUFX4VJMEYA7Q7DY0R5LF5BPJAD51W8VLPPPGVO7V40KIEZ5KXV96M7NZKUBTIG2GS3QF92WSGRXO9AL4N9WIM0JA8QWZR3FTZXOLSE3P5WB8EYWN76WZMA3CQ9MMYEIDLG2ETBQA1QBNAN4G5ZB,0.00748896598815918,MD5
RHPR4C2279VOQRA6DCGTGG9HLIPM8CLR408S115LZ8DRCQ7VFD4H4QKY5NWDOY7B8RYKQ4JBBX0U09PGEQMZ875ZALH9WVKA5QJB,0.004823923110961914,MD5
V0E8OP8QAGH8JQ0GBMAXH4Z9BA277WVO,0.004326820373535156,MD5
BNBPM3FAL0Y5G3QZDH930ZSV8DPLVOYGSR0JC0381GRM47OUOX55163E1DSTA0H98CVS83BHQOUYKMT0UT4YGNWUJS1W3KA0PGZXF0P5OI8S83B93Z3HU5FXIZB6HF3GSF4DSRBMW023ZQY3LB6BTIRC250884523KVRZKPY1LMKLMA0404P5AQB3U6UG3216J0UA30MDWKXOE3IKCOAKOV4H0YL8156G032M0DP8YUOYDXGSOKI5TQYHVHW6PDYU3YOF5E5VYS7RKI33J662PN87ZT4TZKPL929VE7HWJ2KM0I9FWB9VXKC3MUQD1OME2RZF597MOCQZWMZI9DO1AI0Y8FUPNBNMYXY7HIMNE0CUDX3Z76QYL0I97INOSS12PW6866SWLKWXSDMIW835U2Y1GU1UD47J771OPIVWM4O40WFYMVTHFY2JRE831AX5A9IGU61YG9XYRKZUBJ0104EVW6HER5ZN00K6U3D02PJ9DOSRD0ZDC80SDAEGJRH21VX4MMRWOKS6H5W515MOJIF6H7EXD02IC6LM72CN4R6FIKALH0VRXVYDKJAESNCY2IMDBUNIMCUYE7TWRQ8RXVUQNASPOX3O2J1MMO6N26NEBPO7FMCOAQ65S7Q7KIGIC3N1ZANJPM7GAHZ7E3S4E2SOG1ASYP790ZRMI22CH54Y7R2UAVA1TZOB4J5QU7KZ3AW8V3DNYL0GU0VSPLCXC6IRK3TE7NE6PPB5DTSPFA2R9N6I7XHGFOBRRV9RKTYLF709JIBZ72RORIYYMWQ4D9YGA79RK9JGX2DVHUPFZ1K3BPQBOFTU1XKJ0ZJTNOCM3APG1YRLLIZDV8XDQC22CVQPH05HVM46K9DR4KT63P1P2RYX5Z3O5SPWWO4EXN0XAW2662UZ1YHNQG6XRP2D5MC9PBXR7UNEXXYH9R2D799AVEFXVUD7NIJ003R1LBNJGFYNXC584I7B3S6JDZF8UY13KEOP3SHU0M07GRB,0.0042111873626708984,MD5
38YFV4MUULY6GSEXCU1MZKC5V9YE3NNWRFRWJSR7XGCV208XVULRCY5AYV1A36G9IIU6HBB2QIDQC0NPDNHT1N1KDQMCKB133HVX,0.0038390159606933594,MD5
O3F5M79HO99TPZCYLKGKS3WK1N0XHLEXGTWYPQMZKA2IHEYNH7KQCLZVDBHL4DFS621HFY6E3HUY4DCRAK7NLZRNG1P6NLFEMHRB,0.004065752029418945,MD5
6BOALXOQC3YAOG7PYRHC8RG1R3Z7SCD1,0.003650188446044922,MD5
DQB6WPREFAW3BKQRCKRGZ6VIXZ1ZLPOI,0.003966093063354492,MD5
94VVS29SWN4P4WY55BXC84M3AZ4T4NDN,0.00357818603515625,MD5
H4T5DUHK7IUKSDQK1HR8AVGS6U5RXHABTRV93X103VE89XHPGMMXUKPWAA0MBQK252OFI9F2Y8FO60T7S8407HSW6KCRQ5CP4LPT,0.0038509368896484375,MD5
UL7GBGDC53RYSXPA9VRDADR12ZPXQWX9UHP2EN3VRYQAN53PQ0U7ZOZ8CWAD4M28QZMOXMZ02PZESIZ7EWD363TNB2TO8TMZDTZJLBUXW4ZWF233I6EPHSVTN9BT8DQ79ICGCG2VFNIFLG8XXA87U2K2LHQQ659IXRIXS9HL8SWGCOER8W75OAGSH7AQTP5WI3JVXE35XARE8C80SPVZ6WJRD3QPQHJL99O1GZ1QKYBXIJHUK9DER51DI1XGTR6DK17N69SC7GMKWN5UEZILDLRRWIPH3C8D7OR9L6XN8U86JL5Z4AJJJOCQB009HQ1GEQJHWZ8KN2NEWJL06SKBUW53LVJ3AYEL8APFC418KLAI8PC1ZQNKUH2ND013VQFLN4YI6YGVU1V1KS044IT0Q90LAWSFO0L6FZTXY67BJDSGV3RFWFB2USXAGOCLU23L3HRWX7YLCJIYBXALBLYD0LCLZ62FOI9H8J7A6M24QS7RH5LY4EQNKYG9ORNKSLT3KWFKLKJBR04093FXHVM3XXJOMUIX3SOEIQ9IP2HVBYZTZA5CYFRP37Z51KC8PXF30L3688QW6KJSPSZU950WJKD133GMZRCNEYQDH5BFNVH8UJ0FDTLKED05ZY6REYIZXITJ5ECR78S6EK9YXL9YUZWV38UW0S2MG7INPONURCEX4MVCE1OPT2UVOYMU3FATJ87V6M9IZWW36SHIHIQ6P3AVERDP0KU5KB3M7KWDKXRVZFCWENOZ2C3JFB34KL23VXKA3BV2MZBM0431K1MB4B5UDC1ZZQB8E62ZSOCOOZIWYAGXLIPT2V7W0JS7TOR6NVOMR5919WT1SM7O7Z2XVRPPAONIM5Q0KQGCGF0IPENCDN1CR8MR4YOJSQRXJ3V17VK76Y21I9EYBQZGL8HTNG8PVGRQZIT8KSCXW3GQJBJJBBCD1JVB1PBLI1NBLM87LIBKCPRBFGY090PZKLGEKZL8AUK8QHR4CFQKIR35,0.007600069046020508,MD5
HSFD409C3T,0.003921985626220703,MD5
BJRZ3GYWXSHR1VX0NZJMY1H4WTDKDI06,0.010447025299072266,MD5
GDJSN1IC5U002TDVSC90WY7CUFRNM17PQYBB2V5FQL1XV1JFH0HVI8ALO30YROFUU23MJN2DMX1AOEZJKMU5PASBCKGC8VKF0CYR,0.007012128829956055,MD5
AKMGRJT34A,0.0039060115814208984,SHA256
OF4VRM6RY5,0.0040891170501708984,SHA256
417D99G9WCF34X7CERY8Q7AGHD91MNMD7I3UCNIEKAQFF0YMV69JKXX24LW0DJWJGLN1HR2K7Q8JCZPL3H1CIML2O4PLNFJ4I8HGHH1Z6L5PWX7FDB9859F5ILQG6RR051DT6X7PLR5G4YF75ZWZJKAB8KIJ0YOU790SZO4P9U13F1DUXB0KLCLIPI6UWIP0YND1R3R1XR16L10C5WS7BOB6LJGU9YC7WIG5YQ5KTW5VL0JAAHOCTBKQB4CDRK4HW3SCHERTAIBUXT27UAOUJI7WMYUBZ2MB05YTA92HEKM9QL2PYS94FEOLRW8H23RU,0.0038568973541259766,SHA256
581UYERG87TCN2X1YE9YHW7NE5LJXS0O,0.004029035568237305,SHA256
8KGXJFCZKZCH3HWL9FZYKA9QNESSYGL0VWPD4S28MU7EIUT857TIYG2SNX609GS2EWDNDDFSBQ5CK4WUXWDE75C806PKDWM45SCNSFB03LPW5ROOFR450XJW1RSYT90BUGYZXAJ68KNXJV7Q7N1OMQ6W93EKERXC3A1OESLV103X7YRB6U9FG80U2NHAPI0RTIEB77E25ACFGL0L2F191GX2QLWJVV5765CIWAOMN5PBSAWN1KX027Y8AMTSDJL27S8I7EO7FQ4PWR1815HTOSCB1Y15W266KX9LNFF60FY7G1788ZD131FJQJOGNJ2S,0.003984928131103516,SHA256
P19GDC9CC6,0.0037910938262939453,SHA256
RHFUGIHLS955GHFE50PFVI4BH73HWMFF9ZH51IARGJY6R130R3TZ1LPQG6E0FHK2533AREAPGNO1GS2H2RVYP1POV81O6CXLFD45,0.003933906555175781,SHA256
UYZKOTIZGW,0.003801107406616211,SHA256
20BEPYB30R,0.004091978073120117,SHA256
3FB2IC2UPYFZDAJDZHGUTXBQSOGZDMFB070AAWKK068FXMC976A00CWYBK4POQTC5M7YF0KBN3PSUQW0ZO8I7PIY08FSALK0YKNC,0.0038700103759765625,SHA256
LF7GG1P4K8,0.0038559436798095703,SHA256
4Y9KNB0XCBG42VMBGMAYYU58V9CJG19JAKSCH62W8ODFEI0Q5V4ZYWQFACT0TG3IDXUEMUF92U5WNJ2Q3XYAP69NKQKI9AGT3BL3KXKDNYX3266GLWJYXFKY9IFM2BL8RNZ8V4JRQF82QNJ12LHGKGFJ7W0D0X1OYS6PJWWPUBNJ1T4IQAIVSEPFEHE3AVFGTJVEVHILM8I1O84FYQ7KRT95M7GYCOEO84XWTQ6I3JQXD9GBT0TZU21PFXZRFL38RN74DEPREKMP1CRZM69BIEMNQ0MT8LW17A74REWH48K7VPAP61734D3AM35CCN4X,0.005582094192504883,SHA256
4W86BYRHMZJ2RVVC92VKCGOC9A4IFYP7FET6PZCLKLRU0Y5C9PYR51OWZE07DEYW6ZIESJ8I22DIR0I3O3T2YMBCWWB444Q2HG3O,0.006109952926635742,SHA256
PJB1ONAFL009FJ1MVJW0E109D9IAMLLDM2FQCAF2HIQ9HP1Q1RQP37AFX7EHPE8Q1055RM9W98AP2NKIEAUX8R6J68TR4QG0KXNWT59F0ESU5XTCKZPQRLOBN2HNLO12L2WFKLXSKPJLO61OTTUCA2ZZOVI68IBU94KEU8H0FEPXBAEA0FWN6XZDXD0NH8601D7KOFZTVMKJ2V2GDQMVY44MLCG508KL2STZJ222UEE4YTPHN5A6745NKOPDL0SYTD4N23A8RKX68KEQ960WH512XD1XD95ZMQ9GCAI3TI59E7CB61T5DUI1JRI8EMY0,0.005217075347900391,SHA256
BYKGTMPQRN,0.004318952560424805,SHA256
K4TY4BNVSHKDU056R6EPP48TP6XLO26N,0.004170894622802734,SHA256
E7QM9O5L9IIGDSRL69MU9IRAWIHKGNYAK4G1D1P3F7A9D7EU0Z6IDT89C4TFI1SH55CIA49I134I8BCWD7IXO1AVQ7M6A29FA7Q8M290SIRRWVVA1886Z2JZMTCA2LJHQ6WD0FF22RHIXRHTA92L4SSA6A98S2ZVPG51CSNXNBBG3WOQRQBJA5EKZ1TLY7SBE4TWPAAL9NTSN4QIRLKJKFRQLTUZA2FOSGTICI55E6ZU0GI4NVN8T411A4EEVZB17USS2Z9C6KR3R8T44BGTLUWWARJ0SS96J7PCA0R9FSJJ9JPTOAFMCZ55S4AF4AS7GXBDJ0KBQND9UYA8F5AX6MUSFRJOJHYANT7FUGU8OKL9TFGLGBATU01OEHCUP7CHVEC3IX2MFXHTY5ES5Q65144HDIVDYI4Y0BMBWTDKAHYA9O659CTHTQTZKNXKB4ZOTVWI22YVOAFXB4GSZZLPL3HQWJ1SF0V53YUQSWYYZKFITHYLHMV9SC13KE0QLJXVO46LDFVEXNUVH25ES1B8YTOMTD7XEQZ6F6KJMO5C7KIE33HS505CVKV94R0AMLMDD0VKUHM0HZDIHN5FAQGUDY4ILETV7HMEWF4J13HHIM2L9EUJDTRLJYJBGBNA3J68005PTP5CROQ0UCOHSIE9NB07LL8FKS3KN7XM2S7QCRZV21YIT7KZCHEGQ0OJKTU2TCS7TYF1BVGTKZS7ZUI5F4500I7537OBYOIW9V9GY2PH5BRE7WZD0VYXV2278EHKZO7DGXJQ1K96LG54BQG5TQHL5G3D4KW0A7WASIJU372P1XMLBOIMV36FQKXRRK5YIB8L5B4TH3QQDIRZ28851A9MV3YBP8INLQAGX6W1WP1J6Y3TUR6BY429MLH1DP8X1CM7THU1TWB2244RXW3SGMD3FW2XGD4G179E64AU1R2CDHEQ1QV5M36L3X8T793EBBTHQ7JZYR61DNBON7RIO9K08VMEKV114U067KMH,0.004172801971435547,SHA256
T32UOV962O,0.0037970542907714844,SHA256
H6O4HR67FU,0.0040891170501708984,SHA256
0BV5Q8NCQ9TM0428GUK3854MAI15PH483FXKRDAXEV151I352YTW91QYVZGHJ8B9A9JM5P2UX8YWPP7FJK7GLP37WN8Y0TI3Z2BCP06COZUE8QNRPCJGOCA3SCNF86F4D91ZCTA2OB1K3RVHTG00O1TYRVGBTB7JEN8QBIPGN17UC7OQ7ITB0RGJTXJTF9P068109HOY9V5MY0JOESD06Z69AKH80MQ0ID84LHK79USDWHIZMOINLPKBR1X8W65UI87YXPXXC3VYY8UUAKNFE8W8TMMG4ZPO4A8TX2MTD4RAVLDF9B4536C0ZTEE1KI0PPDK111X4VDYY7Y6FJQ4FTIXJTNHSLC4ZPUIQEQ231J66DH8MBU44PV7BMZ3BEI6FTNOGA8QF1CZPMVUKZM3CCOQ993XKPPHVR6145OTXPQT8HHV2WDZBO1INHC8C7HHCQMOWGK4FTNTKMJZ2BMY3P92SNFEOA7N5N2TDHXZM8DJH1SM6ES9AOK11IUH9BEI9ABUQV4JWWRQ95XF7QOUAJ8AIC0PRLDZGX4W6PRS0JSR28WP85LFCD3UKJO7F286YMVK9DEO2Q65353OX5X7BEPYNYUOO3HHDUUZAIKNX4CLQL4OGQWV5FJ1TI581O7AH4MKR589Z8SWBTIW1XVY8M1FUP9206VFA5BI5W5KL70P9WOC5GK4DSI5GZCAWXYO3FJC5GEJWXJCYXN2T5J21JY5ZMFHQK6E5CLTJ8X8BQHWCP8FVJ54ON74TXYW3G8A1REIR1GQLR8BRC5U7C9V7T7O2I8HWIJF5V6WYSCNP41EXY9OZGI6E4JVQ2LMI1J5QON75ZKUEI7G667LG54EW7WBQAT1ITQBXWJMCGH3FVAWGMUNHVOQ9F4GECN91HI6ZE03BGT35UFHZC468SMYY6M4ASTTCZW38QFIFXNKQ9O77R4N1YDJTS40PIAIO0JEMI50MIC3PMN83K9Z2JJO634QQ5N92TSEETKDTMWN,0.003943204879760742,SHA256
G9N6T0TAVNQBKE8DN3OPUVXV200N1S7KUW7VAGWX552E1KWHNC71NSK1WB6GSW957X2R44178D8TV5P076NN4POK7VSKATUC0ZGN,0.003847837448120117,SHA256
FRCXQ9GSL8QH5ZE08OX5GQFX8SZAG7IE,0.004189968109130859,SHA256
DC7CP4OXMRP9GEHJD322FB2V39N7A6W8,0.0039632320404052734,SHA256
LC4LKAX4WFX1ONT5HTCI3NY0GY9O1EB1,0.004110097885131836,SHA256
OUP8WM5SV6TVQ175SL66H47K6GEN29LFOTNQTCW9XBRNXJZETW3CCQ1SXAN2H3AVXMQ8VCNMDPIR20MWFL3911MD5D8ZJ4T87UTUVET2G1HKV9ELQBY11NMH6RAU2ZP6MHLLPMVKDH8TFZSMG6ATP7QP4URC2OQD19FS29OZTYGXIU3G9YRX795D75VT5LQVWENUTYBV1ZJ9PXUXMHR1NADJY2WAVCSDXOJ5BH07P92SC7RBWQ0RF8U7T62JEP9OJC20CAT6AUTQK9GX4I6E6KCA49Y2QCSXTHDIRYYPUJJ2QKGTY54NVG57R36LA1BD,0.003963947296142578,SHA256
D8LR2T7PVRNQPBYDUN1121BDWF0AJDYLQ7KJ6NQNTYP895LF7TUUP6GHBB7FOKABJS4NNH44BNR0JGFNCWWELHUCS0MRXGW57N2R,0.003864288330078125,SHA256
4T80XXZGOMNMBLHDAB41SOW0EGBHVGFZS7BTVLPVGFFIX05IHF9ZE3QU99BAFB98JVLQJ6YYPPUZJK4N5N55EIOMBBREBZAM3DDOHS9WWHKMDFEHEYNJ3MGOSQEI4YX7SXSQA8E56AP6TLJF6D73YFTHFFNBHACIP04FHELJ31NDF0ZH23BO9CFVF7SPPFWYLXQOWUAJGRII94SZLXIT9KG87QPMJBNERPQ0HFZPKREQZI52MA8KHR1Q71DD6HTQ8WZ0Z5EDBVPGX8CKFE1FCKIOWTLTIHV34UC0VRPUA3BVPB8Y0KZUHRVQSOMQ3107957UPSAWTTXOB4DLADR1AMIR13KMMJ3BRY1X8B8P6B53ZUVDX4H4PW4EMJNJ884N8WATJOL3GF3D1LBJWLST7RU1FQQW6XEIZE75U9KIHLD80CG8RROZ7Q1UF6YI68ZL981YTRO7C9JMM328ZKZEH00E7C6NSUVSDCCE28K5X8BXGIWZL62PLVGAMQQNHF2X0RQLKTJBLBI77K3GUGPMC4TI508BT5K9EMQFP2BXJKRQT8H61313B8NU8AR2NWNWNK5HC6QA4WJ1GQUEMVZFNTS6F4Z9RUPATSM3MMO6P3K90ZC7T3AQ6YK5I2AP0ZX64J3JS6U0UDJTZWZLC32JNDYJTKDHI0YSHOX8ENLQM2YPQKYM1OJ53NXFT53QCMRM72FDFYE7M20AWZRJGMV3VII26BFWW5U5JIUPTOTGQJVUY9YIHHM2FRKCCOHI9S5Z144GC071MAHTVYBA6ROZIT096F9PY3220P95I3VABR26VNPHK9QLIGJDLO56DTILM7RO44KVMS3VGJXA6S29QHJSGLQGF6YGYLV5BBPC3EAAOVAKCGV75TQBAMX3NZGT5I9CQ4QIQAK1T8K9ISQ3N6GD06NOY8UP6T6AHG4V1QASUME0UVF5NQATAPBX56V4805V2WT906NTU7F8SQTRY54AWPH6CMR7M9LBW1IS,0.0043468475341796875,SHA256
VLAJ9Z91NZW27V4M98AIDCVLZY3O5W704H9WMJM9KF38IGDBJQYLWDRC98704F69O589M4VK6M75RY67YD69NZWYAQORR8HKARSQQ3BQ6RLJMUQB1TIKVDGSRHCENU20Q1725DBRF3QYCXCAA6MXGI24F6IZ95T4MJJSW4U1KAYN8JPAW8ZOFXNOCA068NK07FLC2ZOE2Q1C36RQ5AFLCKY1LI0G26X63VQEQJ9UL1GM581PUHEPWJ17X3C9LO7TKYUBSKDQ49200A3IX9LR9JX48DLX7CH77RV22KSFPQVDW4MWL6Z0VTQRPHILNVXG9NVKO4UWB1I7ZR0XVZTFPWF2TYV85GQ4HQJA8SY58B0SS1JFXSA7S0Z78YNODTQ4VNOHNEYIJSH97QTUORDGA0WYPZRWL14UF48NSAMF6N7HMFTS4E4GQH88MKNKGQHF6RUSFEHMFGPX1VQYB9RZ8FK9RRZM501PVD9WX7B4W7JS8KCDB73JM8078LCQNVK3ZYY1YI84SH96W1ZF393ZT6HWUH5NV0VHRG6REASCEE6QF65N4AG1EVDQPKNOQU78AEFDYV3CDFX1LMXZQAG8G53IJ328Q923AQ465I110NV9UIB9WZ5M083T329KLJQHQNZF3853BXE8WPK0KQ4ZTB1VBBKRVVIL5I0D7E3XTDBP9IPGNZ73W03QMUV8JXHMI95VJZ7TJQCHMA31ITHISZ6J7DRWPBX1WI8SR1IAZOS4XWJI9F359CKOIQ5J55ISY8HF9HFYMD0YTRW4EG0YA7NM0O3LLXXMJHW7M5GCGUMKCV179GNABAAONXW5E9SRS9X3OP8006VAKK3GXLT57O80G6CP42N6R29WXUKXOABSYZA0LNW1TUWX1PN595AGAIQUS2GNGJP3OE6L94QJEJIMXZT10IAZ7I2VARN0UL6J518YHK760HAHFQAY4TDH5V7LUHRJ32K67W83I5G9O80PJM0B97ISMGM85YRU,0.003912925720214844,SHA256
XC4D9TK2T3M5GPO2LC67CLUJO2ZVIAX6SSI7FU18YUT70CPW30KU79CNFHPWYFNR2H6QB1Y3GSLD6NXWGC5T3TY3YT5YE06DDHIBUTZE3FD411FGB97ZNNDZVBKN5E6Z8WAIH4X6CINS5PGI6GM2TX645FQLLQ3VG5KV3W72O6Z52ZMYMTDAS81HZLADFVLA5W5X08XFWQ9JGIIX9OFNV1A69HKJ3P9O3R0DR8IZUJVDEB7SP5CZKH1QIGAOVQTQH6UJPHQW3JLMVX440C9BZ7APETVLYEDY6OBY4VB61YK9X6C1C92Y6YWJFXNZSBMVQH7XQJQKU4M16C6WZBE5N2LM6NFCSZSOCJMEUAQ6PUTPPPQ4LT0PL4OQVSS1E026AEEYUCP3QDA7C5YJNSTGL9EGBLLJ13EY2IYFZ45JSDAEXVB2FOVP1G0DN3A9XCGKZBV2WYPKN0QK6XFE8DQRKVM48XIP7NKZOKAFF8CSNZW1Z5TZ0KOQ8NEL1Q79WJD7YYY2E9QSYLSKVR4OEJ34WY681YR1LC1SS9UEONQAB1PZ9P99QH4HPUAPWDR3IDUUGO02WSG2EQHAOQR108QRYVRWI65DPMPE4TASPYGHYFND2XZ86R6O6OMW5GSV2N0XVVJUN6WKQ4IT1TMAZ7XSMWEUSE6B80KNRJ6G7WCH8EX8WC8UBSFOX3CYUKN0O5HB3879TS82G1VPTO1T94TDBU3VFZSI4OI7956C6JZ91P1M16V0WX7CIZMWV3KJFVJUMRI2P5PKHXV440Y393W2Q1YQE3FZ0HL4W1WSGY08SGFN7SV1ZAFOWIIIEGJDMINO908NKRCB4RTYEMJ0AQ7NTMTNP014AWMBW4UED492QHOGYVLZ3F9HSRSKBYGL4G494BHGAQCTAZVY7ICCW9U1AH5SS64AZ40I8TF5YSUYVQ3DFPKIVSH981RWISGOCWMWS0KKLNZGZM4NPOW9KLXQCLEO4ICETBN6OJOSLEG7,0.004128932952880859,SHA256
1BJ2NY7MF66Q5THY3AGM4EJ9KGGF8PWSF23HO7TR9OTR5DUWZ49OAPSJQRBZEC3OA73JA8XP37YNUNB0CV7AVOFXSTBQAH9WOJ27L65A6T4Q6XJBFHWT5V1R36XFS2QNPF8IOBI293DP0PMLVK20GQ5JZ1WMJR0Y2SUUVVNHDP94U8P4LTLACCWO4KLZCBXC6STNO3X218ET3BBQY5Q73YWCRVJ4CL2GJUV17AXHHY7571UP71BR86AEIP9931WXVM09ENBMFSFPPOZH65W8X5GXB1WISIQDTO6M2URQUJIMXECIFTCF3SLLTSDQF6UOGL0U1T4941RPWDR2Y6OV2KTEQJ51QSP23S6XEYCYJJXLGC2WL39ED4R5QKCH1FGLMLZUHDOLQSV9KGI50E2EDNXU4MW3UD5QETCPYPQRQ9QOKM8W8860RYS9J3UJEXFRP18JMNEE4K5ATJQ538QOVX40EHAJRKEO0G47OA2OTLID2BWYSODURY7UZLW16MVTTRYF3ZA6A5AL14126MV6CR7MBZ5SN2QPAC5WTB1TA5OMZ2I5227OL8L8VK522T7S556D50LGD6S9SOSRLDHIQSW9OW1UYOIXONE6XZ9C5P2ZECUTA4WD22TAZCSVMNGIIZQK8JIQ42CH1PSAHDMOHC8RN3LJNKUYLCSYPND093N9PAQ7S1GQ22Z3TR150LT611UPAZAEPUMKNNA0WQTEXT6B753JL8QV07JOZRQV1L7ETJG6J5BK2ZSBIV6K30IG0QYB1TN7WTQQQP9Y9YXMAJREN4VM1Q7OBUY6HN86VPJLLT6U4TCQWLT24BRA7W5FT1NXLRMZE5KQIVOFKL4ALVMAQGZZ98OKFAY3A7ZC1BQA70AJYW02SGGQVZO7RXFSW8W9P1EQY0TGOJ93NP0D68JDN0Z4THWJUZ3UMBF8KUVHGUFBQZ3HBF9Y1X9E1AHI1A012N9THHSLRU5MY8ADLVQ57U7EFDR4MK66D6IA,0.004065036773681641,SHA256
ZCR1IYS0TXBIEWVD8KGIGUYLEGHX8S9XLLK8BPAAXWVVZVIS8FTXJOP95NVUHCDG7YN87CF4JZPPYK9SBSM5A3Q7GV0KUO27U9TJ,0.003939151763916016,SHA256
4QX1GMUG53O88A27JLPNUCX7HJY66VG4HJEFC479LF7N9MUKAKBD9WWKR0YCJVNTYKXUJGJ8HLSXWVCJMY63X4RPE3YCO1K8QDIZM6H352H3JPFLU3S2368W6867ZAP0JWC4DA48BNTS1KCVU2INWZSU15TRNS6CVLS918NDQJTUILS6DX5DELRKZVOPTTYO5450A23S7EO25Q3ME2DMRM1DQP6YST34PTPKVFU17HDELMDJ4F7MTCNITMI6FL8AKJT4R0IB7FGB7QGG82XK9WD6S1I7UZ0QLE1IVZRRD448N99CDXJQUL2R6WSVQ4DY5CDQNJVYR3Y0IKFBSGNC56KBH5JATN2Z5F901508SRJMVCL3H1RNMLOHXJT66CTFMQ6XMTZ8BEAGIRZAGM2BSNDZ9SWIOAI2B6ALAGQTQXJG7J22LRID1QD5YBM2IEGTLTVUA5TV82NY34TT7J3BVQTGCKTYJ4H916TC2ZHIVI7UBGYX99WYNE5EHVYK7M81S7ZR8CPOILEHBPLYPO2NDEA0GCZP6DWW2G2QY2ZURBD9BCJKIO1NLSQWTE4GESHVQ81IBWT8GCAV0KYPA85GH2TAG4U45TO0D61V0ZSESPTX7MF16GVFSHG29AZ4LN1NH5X7S831PMPYD34RTW45BCVXUK2WXAHMCY56W1ARRTGEFE9JN7CGQG6UDOLK5DBRXAXS89X0EOO4GH4OQQNXXOBWQ9XQQV4G4ELW7S61IYLP1BCJ472YU6Y54XTCINQQ8EHDYZ4PPOBFQAZBGEB8VG8F831CL9SQCEJJVO3IJ1G5X8KY1WGYNZGP74BAFDMHD17HTE4DVQV1W626883IQBRIVLLCVD3NL31HY1ZW3Y5U344XZZNGVP8AP66BIR2IFAYE95EVE7N2S1AM95GALU5WZLYDUKTKG8MSBISSJ5WRVAYI7SIX0DWWI8TNHAO75M10WXDU9ZLNO4OO925HDPKUMTY2388KY3XD64QR,0.0039730072021484375,SHA256
C3B72W5BXM9IIB666Z6OOCYQQCAD19M5GRPJ9IAR29ZHS99HF17VQE9WNJFWUDC2TCJ7TF5KX052DVDN6YTG7IPO2KKMDBK1NR8MW3P6T7T0MD709VA854UKEMTDMHSNFNH5YOK89BTYA483NIWWHRMZUOISNV5AMSN804SDDK416L34BCFCJIK1GCUR59WR5M98B0M1N36M6VEJDP4FDJ5LWOA2FUBVQ3410512YBD1DVHACUSKVOTSIRZDLJOI9PCYH3158TV7P56Y6G8U7K98T1JKLY2CH3GDF2CQJOA3YIDD2SBBX2ASL1U865PMW0J8S3VPZ71XX3TKUA041ZJ0EDTA45QRKA2W23RQBSUKYJKKZASI75RXKM35IC70WTA67Z31ZRR0FQM6VGIYU6J02XE59PDB1OKBI6RDGKSXAQZ7LY6GUYZS80OW58OHX8VZ2N308LR4SVT0800RSGQMZE0ZWDP2OXWN8SYFGK0QGLE1IKVN19PQV2HGSPRKZWR0WB7CQQQNJN3HX1M2ZID9FOYNA20T83GT6D4DQ4FGI1QIT3HR273AHG6JINUWJCQ7CBQIATV9H80Y5FCHVSGLKIC153J2DXEX5E813VZSQXHQKJI4OXKXUPWPOLVRFLTF9SNTF7DEIS4DC1UZZZZWCDA8NA6E12KAZFDJYFHE9EYHIGUXVB43CA4MMS7RYB8DH1RSRG7816E87WUO4MA2Q1F5GSWFOIUBMC40A0PSOOET6A8NVOOVIE3YIAMJQVL9N7VOSK5IWKVSZQY26L2H72KJM6J5LZY8VPF83EXLYFPA9UCED40BW8F01JFZXI1RYG2E1UBJEIO3P8Z1E9LSWAWU5C74NLSJUEKP9X96H1Y3X8I0JFG8WF94S0LMPIAN80BS5K4GOCKQNCFNKJ8XLWFKVXSTCPQFIE06B4BE0UOJ0717Z04F0ZKMMYCXITA3V6LS4Z42LN92YR4CM5K9FPSDHK1C5SY08FS0,0.0039920806884765625,SHA256
H1V48ORRS5BU783WQLOPZT5DU5NE2N0PNZC96QXDPBYU9QUPT2WSZLMMD62CAJSOJB5Q8YPCKTDPSTKNBP07AOM2WXVOMTOTJ96X68XXKJKQXRZ58QIT6LEEAKL1YS8GXII0QO1MYPMTZE48FT4J67ISJDJQCZRNEG1U93RHE2B2FDB4UB7NBKRKODF8P7JSKTUR5EJEDGB9YWR23R9O0UP4970B9VRNTLD7LRDHIIKXHHLUUWN5YSBDJWZ4X1B5F30Y10QPASFPU2X1MMD34YCBSFZAFIAZ27DAZD6V30HZZFCJAZIQ5D3LUT0ZAX8I,0.0040018558502197266,SHA256
L9HOOU1E3ZD4OK4536T0JLVWZRX22S4NNXOT4FRNSG4V5NUW28R2WW7KR4X3SGJGKZN4HI5387V3FFOETPQC3PNKOFZX16IIVCCA9BN1N8I9LL94DATSS1EYL4LS260IWPO544INTB3528KTJRAPM31FBEUGZSPSWD8LJTOT5RU5L6P6JWUYLPFE1VFLYUSJLA2BJ36QCMYZU9JPQ9IHVA230M65O0OB6FPEVZ0C140NUX8A483A2OV8BJV5V6L2WASD2IW1KPUDWMQRAGUO9KSGQ7EQ2F6XO4WXVKIVJRSIH1Z9GL29DYTFBKO0W41P,0.003948688507080078,SHA256
92HP23LBDV,0.0037620067596435547,SHA256
RZF3NEKWLA7G3SORM756985OPBQY5VB5DO3KNUOYYTUZ9AQ7BQIMS52LTOZF4VIAIJERR5LC3FJANNOYARJFON4YM56KH0EQTF7VAIGUNHKF23U3SF59NH715DDJM195G1O5KA3KTOI53E0YB7DS518GA2DM9A9R5XNLWI35BZFL3O7IZ1QQULHHF4OH3937WSXBMYQKYWC1K1BBRS3OKPFASO24JYALU6O8N9N80ZWLKESNRH6CHU8GEH37SEN6ZDI4G1B93ZK7SFX4Q35X4ARMROJ0B7EXWDTA56RXXB7I3T975WDJ6X84J0X5J3PNCX0K4F4ZS2SK6849JK6NGKVPVXLKED669IEUYB5ICI8S00A2YAXVVNEMEDVA4C6OR0W660TCQZ77RY0QKP7V16P38J54KMFARPJZKWUAWVQKVO8GVOT5STQ6PN53H43SW84PVV03ZSCOMWV2XDZUMU2QQWKJ51L6R8FPQ3IIMQARDELQPDC564P7XF1W7MJE3019W3J9UP4S055L19HRED6ZNTJD6VM0JU9F46B6AORS4H6HK74IN08DNHDH5IC7YHQTC3HR98RIJVJHGNH3IXH6DA1BWMJ0EEH8HPH8SJYZTFC3UBDAW0W57YITZHKO2EJGL23QEQGJA40O9W6XNVPPK4SSZU7FTWYXM9EHVLFG8OGQVJ4EX3CIGPB7QFLSG5OQ1DTNHU10XFM72ETWE7ATONTPIMZBHTI28YQKK554RWNVL4JDAFFL901N2B5B1JJP9VG8PF3RDRW9Q21A1TMGCSM9SUZI05G6XV3T6KCU57FLAYXSVP0BEAJXZBCGRTQN0GKCGP9IMNY05CCD2TSJQFW3IX4T3YV5KYVCAB2ZYJX2QZHN29XFJV9AH8SYTS4U5NNAFEDQD2ZRCM8HE2ZORPC1GRKLO7FDBW2B9PIYUTWLKVCCV7ZQXI1Y45BLCHPJCSILODYGMIJX2THOHY3GVAI92F3GZG6K5F1L,0.004318952560424805,SHA256
X4PAEDAVANCB3BAGME1XMEVHRSHHQ3R47CQ1OHS6QYWMZAG9GJR5OE4ZX6DPGTZR0H2FBJD67QUTYEE7T09ZH8L0OHF4JEJOGUY2SO5XZICVUFWS10EDGHTPNHDMDWF3MNRILV894YNHGJVW6XWRAT1ZHD8OHEMPYL1PDXDVL9T0XQSJSOLGRJO6PI4V1L1SFNP8R710RSWAZ4SNRKSBVBHE91M5YUO26DK60485VS4E4S7H1Z3M32YI9DWSFN06GPJKTPJZV0YZZ7AYLDD2C5ZGLX38G48QFX4J2DPMNZLKC38SDI83QXMSVGTLTR1O,0.003942251205444336,SHA256
BDNLU7MCMTB363SSW0HQGR0JVV40V170DIXJ8M7ALNSA5VP2EVIWU4IG856ZRJQ4RK2BWWALRUOP9JYG56WGWW31UH4MKPZISYLZM2REH3BEYUS59VKRJR2Z9HA6VHTNAQGO2YXW4BQ275VG811BLRWWAISH3DKW38LAZW3NKDV4NXH11T691H4UWJMCHQRKXIHYKFJN01AB4SNN0T5UNR7SUN01Z7B7ORTC4JEHSRLMX0FRR0TRF0D1TZ3GQLY0Y35KN5O4HVB469UWPCWMU3FDR40AV2KYJX5YWO0D752HO22TCQXR62G6OULIZXYI,0.0040760040283203125,SHA256
UYC2B1UULD5CSM5TWW7C1PCEN5NYSK5E21AU3IVFBZY3EGV69ZFHA99XDVA95F18TD6XSADNURL8FAZSDS140RGOGFRA6ZL9K2YI,0.004156351089477539,SHA256
6TSSR8VY64QFW8UK5G2H4AIOC5R8SWVC,0.004967927932739258,SHA256
ZTAPHSGDO3Z1CWK4S6M3PY2DD22B0J51IV588G71T496N2A2UN0BN5RPY5WQWRKMHMV29EB2MHH8S2I4EA81XQ2270WL8284ME3D,0.004225730895996094,SHA256
QFUN39LNBIUR5R1R5DK0HVGBHGCTHDF5ZWGETEPD673BULBF78P89JN8748YJFXFRKCN09T62IGKI343L5N3DPHBPFWVET91NXU1QYNGXHUPTOXAVS33W4RGF53TEZK5W4HQPEV220BS1K2C6P2L6QIGMUXQU46VXMFI0R5X9S2IH20HRZQQ1A371DRWQZNOYUYZ5FHT8J95VI1G3803J9IK9EOOP8F3RQRF4C2LS5CGW9V2W5MDR60J22TL55TFIIF0992B5656U6TC50XQV91IO8F1DL2VCBP9PFP71K9230FGX0087QCTEKEPPCDPQNVB3GBCKDK23DG5J2SWS84PJPH8ZJNFERG8GALXUXHQBBW1W7XPMEORY1IIWZR5O7KQ5LNGUP8UER9BJCBIFIYE1VUSOZ9DTML2HQRU8A1FSJDNFQ5G20NCO8YLV0M6EYYXI8MRCD2L1H0VVAKXNHQPF2IINQJB4FJCPP3CDETLEQSJ5OS69LGG2RZ72OV290BDFRSUHSHAAMU9K8CGK3XXEQJVKAKG6XZCEQJWYD53QHURESX3JE1DJ6AMLMQ69PQVHQCRHBKVPGX7EWB4JHLN5KJ4XCFMAE31KSM0VIFBH5JOYV1WA5G97NOTIPXKM7W7ZD6GJYDDVHQCAT9DRV7F3E2A561IMDSC2C9L7FVJQU9PI7ZOHE1P92VK9ZYA1HJCRNARN18U1UTCE28X62N1GPKQL40TMJ0Z0ACUPPJK36V9VL5AAEJRHZ16CE0GR0WWC0AZTSR07R1GQXGITB4CUHYXYP0NK737X35J0Z8CK6HI24GAWWWV9MES38BB57DITSXP1NT3NAELK3DY5PTLAAABK4QQKR4WAUUD9SE8K7SB8KI4MYCKOB9BK2KFJB13I35OTFY2OI1DC1Y5H8XJRKP4CYHUI4HNWF11RKQI4CO217MW8FPHGSCG05UCAO254KS1ZJEOA8KDLPG4EDG1U12UO39DGIX5F08U,0.004145145416259766,SHA256
3NLV318N68,0.00431513786315918,SHA256
E27T28XLTR,0.009090185165405273,SHA256
4V279LR2FDTZXWKJ7V0FPSW9200RVTADX824JVQEW5NZA03HUHDM5T2CE8VU7SALT91VXMTDBS2LEK3RMQZ4KOSF1IZA7T6AZ2CR203O7VI7K0GJ5BEBXHPC2JOZC0S9Q9ZV1D8HXNIMLMB3N0P7OE4F9FT9WUFHDLM8RCIBLTFUAU09PCTROQ6JPX4QUX9S4AFVIOMVW208DDEO0DGO2SV1X8FA5Q4YQBPMBC2YOVVNV0KSYC5J7WQH9WLUFEL2MDTJX4XCBL6EWDQBVHSI8PFBTSGTGXIAFBH5BNSTBZ5OV0JBCXRIRZP6VER3DRAW,0.009126901626586914,SHA256
19PBO3QPIY11E8UQ3CP4S4MSCB0GF15O,0.009979963302612305,SHA256
DG7MTGRDPZ,0.015355110168457031,SHA256
QDVB14PDOS,0.013094902038574219,SHA256
RVH76TJ1Z8,0.010622024536132812,SHA256
HPBLPNJ9B3XT4SCLRQTM17S56P3S5U4IKLAQ1BCP6EN0D91W4RCFJ4DGRW6Z7K1J1QSR0XSYCGSS40DLX3FBKA3K96OYZE464MN4HWQTMR65KBGAD39HZIPSK104C39E2RKU5Y3C7A3HIJ7UHJVYLNBYEFIKHJ6DMYAX55L65L58ITGTBT91YPIWVXWUU6GV24E7GCF13VULYWUPCEP33WQ8KVZQDS331Z98AXQJ2VFB2GKLFN0NM7Q3HMK8BSJYBCDOCB0URNPMZDR19A5W7C8SU9Z4NYQI1UQ2G509KG1YML85S450DPOS49GOB50Q8HZHZ13ZIPKYQUTKQ6AMECW5JQU78XNF8RG8LS8IY4VPE5W3CZUPLRUJJ5IK0JX5NIPNGPXDM48834G7HFAFDD9QTJOXC4OJVJULYHO61YMGS1S7OJAMPGCJ5VP96LZKCKNRGQH175GLKN6W3CJVDVQNF7VZP39OAXOQ50UKW8AC4CRW4IRQRKY8K4RQSC07DDDDXFYM1S4E4J282SH89W0431VIJLHJTL2E8ZJQJ5EDSZEB16VRZT0J03VENVROXL1BEEPEM20SGBPG7QLZR5NJEIFV6XEKFMC6ODA53GZ5ZX2N7APOELSZE67KACFFE2VZDV2LK4L2VIXCE7PN8FAUP7AT0U7A56F62B6YIKCYY9R9I31I1DWFRQT1RJ07KRW2KQ7DQ7P0KLY4ATBDSVA5L488P6ZZLIJX9KOOPZ1NEKWO1XJL3FQ1VZV79VDYCNWDK9R6UKD1L2BAHP3NSY513IWVCKNBQWB75ACKUM7UXIPRB8QL8Z8PQA9JZNESC2W3MLRY41K8MJIWNFB1WJ5130N8FS18JJGSM4I8BZFRTWNC5IQM7NZ6SVHXVYS92AHC4RZHE03INWTTQ4R57T452RC788XR8HY779LFU1YOZOVW7TMXILXKJ76LHZS7ANVABPZDN0T7U3BZYKLJ4V4ULC7EAE40H77QBS3W,0.013453006744384766,SHA256
3N51R5F9PKYSV7SLJNPVGD39VROD8V2DIR1SJ7GOPY57HRQ06V2T5ITQX58P6SPAACZ6G63S11VGQ4ZQ5IH80UZZKYV49DE9UDGQ,0.01074528694152832,SHA256
MCQIZ1BZZTGA6ZRBJ4ID3A1KOCUUJD2CAHOXJBCQCSZV1DGUJNCESSRYZCUYIQHPWR1P62PSNXH2Y8F0LWL787V6SQSCJ256C5OQILRXHPU7QBBEND2K43Y3301TZF11YEZ9DD1AM35VDTDJLRCVK8KRILGSLNX4AXCQ9C6J55YK5IF1A3QMBRFBUUE15V7U9JB11DZ4NNWRW9TYRLVAIDMPICBGID0FDZSBA3Z8ETYTD5BDWS1OC9ZJWC3YCK86AQDODIP3H2EM4WM25GD6S2PCFCMAS4GLE9F4320QN20NCEMGTQHEQZ6OHNRG4MJD3N3QXSMZB98UP9JZC672CXVHEHI9MTGIGXN3LBK4BLZF90TDNSW19H4MXV9MQNAWR9Y60C5RE3M5L5X90PPDO6M692SO2U5ZW74HZQXR45B17U3R2NM0KET3HAEZCYLLJQI8Y6YFA500NBZ27UTAIYTFUIA82QUR6CNEZ1FYQMZUVKMFD791KR7H6UTCYAN25YVZ0S055H7Z4HV3JTMPG7KPL3P7CG1B05SJJ5MWO8YMZHMKH1PV2OYUWZ42T1JUODVEF2UU28C513X84MVN4HDT2867BPI67YSRGZYYPSUE5CTU0KE916IW28V6NQBRJ9B8DOBRKU6H1G161Z7ABRJ1VG7SUP9BUZ0CY7HWJ7XK5OWNMYRJS6FVWV9YO0JPIU5HE59DB7DO9AOPP24TQ50GBBNWW30JKZ34Z9QON8CL7XNY184X4K4A723R7GSB47RKJUU69NNV4F0XEO7T4RVV9ZOCTRHTIE794RLTQ1R2VYZXXSYE94LYMJQ377OOAPN7GCMK5S1ZJZF4IOFSCIL4LPJDM4FR9I425WZBT43ZQM2ZY89C8S4Y3NLG3B8181CH4C3JLRU2SRUNA4W4U8IATN67D4NXHI2Q9LKF10VMDGGXAO0ONNNNJCVRG8BJITOMF65IBRK8QJF27JWYC67USB27C9GBXFIUHVUS,0.011181116104125977,SHA256
T3VV06KO0R9MXW1HSIJODX8VU8C6ACBV,0.004537105560302734,SHA256
B5K6UR26O694PCECIBYG9W0UJR378PL8KTW64RT74IANU1JDA7IAC748FLGXSBDYDJOKVVHTX3S7DY7VR7LGEGTWKXSMX0AV713N3Q8S4R3ODAP3C4UZDLCVIA86ICKA58V6CID99I9PMBUNHN2KZOUGCL9R8DFOJV6FHZJQBG8HHUC1UDWXBDLQ8SAA5DZLXAU8I7U4SL0OV5G35AJB6ZP082Q63XMQU2ZW0P7PAZ09G4OLVDJWTRLADWCDG8DK3BO6J5YMB5POFZ0FCPOVMLXRPX82K8R88RYPGIEFC0BB35O0VC0Z557T4FE2AO3B,0.0042722225189208984,SHA256
RUT0V4NPB0,0.008152008056640625,SHA256
YNGFHLQN91J1OXZUCKWFUK8RITZNS3RTIZHMUBZB4HYNKKCAPKNU72Z6MT8Z33LN1Z3YKATS9L3GEA7CMVSS1408Y5I64MSKLO5LIRRVS6UWRMGDYK5LWEATG9NU29YSBQAJB9EHND9Y0XU2VWBVZAUFJQ3M77LYGR5DQSB231ML9RFXL3NIDFCY5TMYJE9NE0DUP7TQYLZPJ7HOOM7NETW344P8WICQAU3RI9BJGITSKM5X7Q60CVFQUDRI62494C0CRB6QLPUEYV1GSY9BJ9E1EP8ITUAUK15ZFA2TKMJBMERT8PRYT8I20AAJ6EG2ZDW2FAUY68AWO0FNF7UD6V4QTLLM4ULVVQ7RZ8VXEQEUTG4LWCW5OZU9ROCAKX26EGCSB95GX2FZZO6A9J1O38EVSILOG15GRGWKY66OEQYGMY6V0YNQDAR23GDA6OK3R5YI0IF6VVKDXK56ZX0SOWMFJATKXQWMSXFGLBXEVN2PTNFY5JQQGYF56B3QKY31D509005CY341ZUGKD36PC1MRA8RZE570Z977JDMUGHAX4IOPCD2DBJVB3IGOWSN8YI1V7MWCHOKM5L0DRBUSB1TYJAKTD6CBL25M62S7JTFI6E2OZYLGVK36W5S8HX9BEL2XNX6H7VDIGCK035U8UTBR52A40GNA2BQ7HQS472ELCB9MDRJMGPOR8PMS91WL7V14Z8U1VCQQP44ZFHQOQR7KPX66LYFGWTUCOWQS9O5ZBD4TQ5A8TVGFXV37PBTFRH9Z9NE8SXDZI2SW94FILI4ODLQHYS4L8J2SL9RU4KCBJA7NAJY98IUIJ8CU21ZDDIMPKVYYWS32UU4HMQKB5QZ5SHSNV6OVTS9ZLIZIUUM1U6EN04QN6UCF2AHDQD4759L0QU7EGNAXXX82FWJF9D670L3R27EXPQV4TZK30MDQHTJTXUXBGFGIIOANIO3MN1QDH5IU027H6LGNWR2X3KBDZAF4JSOYPG47BGE3,0.004539966583251953,SHA256
K9D8LONDPQZXJN4GN3CZ3FPVW6ROV7CK09BB4S5SR8YV1I04EURQZSTL4EHLHU8SQN8TXFLFDQWDZR1W07E5LL7MF9O8EOG4URMX,0.004189968109130859,SHA256
RWBC4IRXZ3UHUDJ5NQAZRYXYYFCEYHV1BTMNDUWLEJZNGDQ2KB48AGQXTQ5TNPOX9RH9PFR9TQYKTC8WK7UVCOJM7P040J323WJUKXAJ19ZSROJBDZ54NUT4GKO52ATY63Q9D3I8U8RT9DSBFRWR20B0LK0GZOL2VYL6J5KGV4ZIEYJ49MOUJZ50R4X9NAKK7ZJU2OB8BSATRUI5IYW619FDGUZPJFVI7D4Q61TITXDGKR4SS85SEMEKR3AZDWSHIFWN0O0FDZ3M8LZDMQOJ5M9G121YCOK7X4HOVCG00TXS81886RXMPBECGC3FUE4I,0.00432276725769043,SHA256
KAAA9MO57R,0.004190921783447266,SHA256
AHN8TIJN5K9JAFQW5E50CYE1C0SISVU00EFPHRE8NSCL9MYKG4YIJEOIZB0KCB6ZSJ47KAUBADMLVFHP383S2WYQLNMGQ1OSTMV2CERU6VMXM2RJQLPYGKGGX0UMCC5YY842B0MH7O57VVE5DYSQZT6CDOC25B85S4D944CCPQHFA2NORGPTWVYKLR2Y3WBWJ3C8INSOSMXFUKV72BYCQATJJZ374P6PK572CBF2ECPMRF6B7NHNCY15899ZBAGS8AYCZ29UBKU3YR56HIFWAGCGPMG264D3Z3WCRBSN4XBER2AQK5A2SKHSKJ492EAR,0.004082918167114258,SHA256
412C2VRGT6PF0RJ8O2X4Y2H675ZAEAVJ9JZ130UQXC443DX3OUN86F64W58VKO2UVJ284T949C6J8L6SESHGFOMST4UF2WAHNECI,0.009038925170898438,SHA256
UE0H093DPFRAGU17LO6NHU8IDWJJYKQK,0.008381843566894531,SHA256
I8VRXNOU547CJ6YNCXNER2OYG1Q7XO7P,0.004922151565551758,SHA256
F3MO294Y7KZ91GKJRV2FGM8FCXR9P7IL,0.004848957061767578,SHA256
6GBR0JNKE5BGQHOG5BL6T04Y7S3F2OZPKIGWK01ELRG0IWS6XPUC4VJW2NERBCJT3YIU0PQ5A7SQC03AQ8O6B9X911Z708S6A06G,0.0040662288665771484,SHA256
YOHZGVA2QQECAA6GIITZB9D328NQQZC1EY5ZA7H3CUSRID2S4D2YYUXFX7QGK43Y5ATIVNE750ZJEHS1OYC299BNUOEJMXI6Q1G56TVXYQU74NAV1B65214QIROJIJ5G5GN5XOJPMZCNGKJLEXL4ERJANRDM3HFNV7HFGFAH3E1CZJJARP0U7L0A0MLVGXU2WB0MHGN6Q5BUNNDYZ7JQ86D450OMGLL909W4B2YOGYSK62KTNN3478A8VIUNMCIH8F1TH1QYJ7KTKSKRBZ0NJXGHZFWEI5GHFNMOZ9L2ARP5RUFF3GZBK8KUCTRT3VEC2Y03YW8TV8GP3OKBCRV8AKGADG8C9VI4IO5XKWDI8IHCESYAPXQWR411GVAAR9AXWDXZES6EW82PLMGX57EG0JI8H2O571INO98OJT17UXZQ5SK4Y3IPWGO19CRBFX770FMTV60D7XLZ7LKDMTWB5XVGVZRN6KA138VXSUUK03Z3OC8LBII72GK58PZCOPS2UC9GZPJYH2X6P5M8EGTUDUQZ7DLG3JTL5LUY7POGZDLAO69KS6AFPRZ4EBYULMVCP0P9CI020S832GY0V895S8PZRBRJ43YVJTWUJMS1US17CG7B6OOM05XAYGG1Y0P1N968FRRGD013PZVY2IUGEHUITOC9NDNIW2030T8I9XJCEMEU9ONHZOBQT182XZ9XI96V2XHZRO6AX1UAI1FHEF9CAWIQXFK2161UF0UD5VOAAV7E3BRCHHHJD7UHJ1TOPXEA02CQ01V7AS77SR2BYJV144CK4C2DW7KKTRVOVGFIO74WVYAONVIKH8O8IMN0UIOZ67FCSQGW4WNUXIXX4E7R3AQWMHKK21CNZY7XW2PV5F0MC843N7FCROLYQMS1RDOJDR7NS2DFVCTF10ZLMDTYA1HXAX40I1CVP5002LLK8WDOYO2ACC8D19QIXRJOYVEHWW09DY0WAO09NH8K4MIW0ZK47YIJBRXLFU2O,0.004231929779052734,SHA256
T8T9704K5EPO3MB5LMZ27Y7DQ74YL7RS7GITX0SQDBYKWJZB8W5SL8R55UKRHWDSTW6VY2QPGJAIU5RCXMDIEQVE4ORVHZEKY4S88OSKQ7MI3D2EMAFRWPUMJZ71JD43G7ECSFR0POF08FPYRFNUAUZR3WTPOT4JYOZSEUNP909MNXJWB151EGMGL5YNENTVH0UKMNV2TZYL0Z78QTU02R6VN7XU7FRX6RZZ0IV1Z1GQG8N9Q349LMDNAUWB4GXE4JMPPIQT1MWM8F5SWPI37831ZW3AOXJYGQTV52AOWOR06MBV35NIOVA67W0HXD06VJ956O5K15VLDYA7VLEGKD6PWU2BGAJKQC2UFKTFLYOKSVE25CAXBAEYON2S6831WHVQWEEQFNUWXTBNX8E7EZKN3VGRMWOQC6V6JMB171064RU42BNMW8OOGYEPSZGFFYIRREGUA0SEDR7UT1CJ86POTDGNT2YSZXZWUFE9E1I0P3HBS7GC60CDQSJ4H5F5U85R1L2IV934NKZH0K8HZFRQY57DDH1TZQLX30TJSIGR3TJ28TEQBOQ29SEAJTCGSCP1A927H261R6KS8M5M6TYLYIC46MMUM7CUYAN54M0PKQXYWHI2L7SU5PD733PU46DPX0U9F442L76T3ADHN8C23ZW9II32FGX7EEHESTBSUNTAIHFKD56NP1KC0AKC3QVESIM7HLDUB7SIVMZOEXS5TXDOG0JVI94MYNU9H7FDK3SQWRKFTO0J8L1ISPSWR0CFMR5LFJIMU69VXSB0CDCVASSCHIU9892LNUEDSW24VPQOHWKUDCVTLP3EFSHCBK5MM8YB1GF415IRTADCRGT4MX3TNUYXP5VTXRGENDODERUU5OYNYD62KT9RBSXN8MSMPF9G4LNGJ56UQ7DY26UQ4DXQHN4CREJ5YZD0UCDLE3GI27PY4GIQ41C8T53Z9ZKDK679WNFSU2ETZ8KL9UBKY7S70LDK20ON94Q8,0.004086017608642578,SHA256
NEWULSBYFO,0.004297018051147461,SHA256
VBYRHAD6K25L2OYKGPXTZ5133NW60L19,0.004058837890625,SHA256
OHY78PZTZJDT9M9TG60P1WVNWX83IL0ZTVA67DZERT6DJZO15RBZEDQXBS3PH1KNCCNOUK1XWFY54DQJXLU4GJG6D8Y6L9V97O7FTTCP2FECVANG4DOLTHM0RYKOL1BYSZXZA4SA81XKOJPVIWI9YZVSMNO8E5A2MH8LYS8RIW8KO66LT96SP4JIVSM6HAZ5LE3WD1J9793P52OLH3ASXF4TEYIX7PH4LM5ENPD3HX28DCKECBGOBSA4969EK7X4I3BK4P1X6JOVJ8H8HAPLO665ZPZMON7DVBJLISQF6BMF1EFY9FFZLPRXNYXWOSR9,0.005605220794677734,SHA256
EXVB8XAN7EU0KTT235H91GE2HDU7FBZD,0.00838780403137207,SHA256
1UD0ZG360RUSMTHC81T51P4YA2OKY5O7,0.009604930877685547,SHA256
BSOZZ8TRWDEJY60XQ0B3LD90BMSBC4E9V6EZCYZWB9KPJJFYIXP1R4Y3YZTA850V2I04P8915JXIJORP2F480AF0VWRHPBR0O8Z721AX94XSZ92OXTK73SP7GUS7RYS3QYDHC7KSLHJU6U35T5SRY9Z5RTIZHJ8N33NLZTLQ09R1FJNWMZ72QPFPWMTAZFB38ZUMYELAH53CYT6LKVVVQPGTN9ZEOVOE3MWF9YV26B6431ZUDO35H56Y7519FK00XHMQLBWJJJVIXAJLDZZE79EZ2B64CNAMGEZYPIQTHXJ4EEM4O7UEDJEDC2LSW1LH,0.008764028549194336,SHA256
7WX2R2I87V061A8L92L6FEF5BPXF29BF,0.013161897659301758,SHA256
OYZTS62COMHS75XH01MDGGQPYGB946W9OV7JB0AUU2BXJ8QPMBQ2WTWCN5XAV1VQGXDA2BEEXWCSSS05T3B3LOIF8KTF990FTV2VZ5ZOBHGEAPEF2L4MUZJ8AXG54I9RTGDG8J3EUR27RUVFRZIL6BJP8ROIBP9ZVAJ4OPQ21962K891ON9HQTSV9BKTPKDXUJ785O45CIVAQYDFW2VNKB8PHOE915SW5GCOWDXQXQEE7U19KFC8LPO80L0464ZMM71ERPQ8XQ6KP4G60DP0SF3EE8WXEDMHJ0EOYWX357TCOIMQEF5GKAWE4LI7RGH5,0.005364894866943359,SHA256
OX6UWK3IEPGQ79GH1GTSB2WY12E3G2R2DW2MTI3Z8IZ0T60BSJJ5XURLUXGHGT42KOQ8X8Q022MVRM6G6I75KIPLWJOV6R3XEZNF35PW1CGORSATXK9R53QU0ER686LAHW8P26871RMHF8Z5G54HYB6M8DIHLRBB2Z3LT1BFMZBRY7KI5KTDFHO9HNAQAB87B0NX7Z1SDFPWOTMTTL6FF2HWMYNPKN4R674QV2SRDO75TPTJ631RTX72CV0VT6QFHIGPH1VBBX2ZFNGGNVHTNBOZJHP3G1IEFRVR9NPNG0JZIML23LPRNTJUHJIKG8LQ,0.009769201278686523,SHA256
RX3ZCGEH48YVQ33T3KYOTER4ITP8IK7G,0.005149364471435547,SHA256
9S40XAUMPS6627G9S3ZO6ZW1F7DM8B1A,0.005796670913696289,SHA256
EWA4HKG8CB0V58O7Q6CBN01B7HPKIMBIOWPK19LPAMLRB1901C4NRJFFVURXQ734D8UKRPBVRAKPM54VV3GG9HU1GWLEFQDAGS0MF52X67FE9JLBYA9FIA0VNEHTYJEFVWMGWJN27HDLUD63QG5I4MJ1L8PX00A12945ZW37M8U1OFUQJI83OVASMV9YWM8BM8OV0F9V4QFQR4QU6K9PGVGTD50UHB3OX8ZICB7PR9SX3GXP4LRT26EDDJ2HJF3PH059FD87TTWIZ1MJ5H6SCVLU3MEMIO67WYZG38VZIBZUIER9S1LUS6SBXVCHSB75,0.004752159118652344,SHA256
SJI41GLYQJ50BUL8MCAEY43JY8SL7HS0G52HRPEB9YD4KOIMP9WXSZ9U12CQUOG1FK15UNLD449Z1FAMKMBBY34E5XWZPP7V0E509MPT1PO8GX1NONRP8GWI65MLS2TSXJSO9V2KWHVSWUGROPLTF3ND3Y252TL7MIHFD7END70Q6X34JR1XB6Z30W0VB2YYNXI884FCAO8FTLUEZ8QU4LENKV7BABNW8DTYHPP423QKS3107RW6ERO51O9P7RVFP1F8BHF526BBELC5PH8M7UETIWHZZ1U8FGX6UG6TNGY4FEM7Q4U399B0MO3FJYBGMMZ9D5JY4DQIS26JWBQA9I377EEIAZODLKDHN5UTXQ2VIMMZWQIFD2H6LJCVO80UMMAEQRFVNVUDOJMYZ4U86TEG02POD7Q5B9C7UPGW8GX5FUCUK51MD3QKHFKP105RRVM0DQXAF9CDZPR29B0R3OEBK4PHF9P5KB82X0E090C6HTJUR8SRNGJ6J5HY9M0HKVT9EDJSDDF38ZH0J61E4SGM6XLPIWGH9AYMLY4DSKAHL3EPA5FAJQGBFRQK978750VEJ8Q7EUMOLGENXQEMM0XZHTD59HTZ0ILDP4TFIKT6KWH5AN5TI4ITLZX67QMB8ESC19LYD0PKL4IFZLU80TMXPW0KGWO41JH3JIQA6ZAM72K9C5CAN8D0IBKQORR5VZHN6JL2BZC8WFGGAH3EH60CYLMTHP3KR6IOUW2F25K9RQ6S78PU9T2W6HW9TXI0X750O5G12IAPK6PQXB1GOINE319R5OK8R8Z77DEZBGJU2NQ0FKLJNC3P2SNNPZHJF599VE8UOJ2Q9055GOBTRO5UDVEZG7LSNH7UK280265PSTX5297TR8JICFX9KI7PMRJ1VHXDXG0NQH626BZNIV2QKA84JV4X4G58DGBM11NJTI3T2BIY0W363FV1RG60DSM50TP3B0TAAJD0VX4LE8GP4ZE33T3NPPOPGPLO,0.006862163543701172,SHA256
032KLZ1IY71W0AH6CMTNWB9T3RPLDJHEZ9LJ782VLYFZN42LGIHZMJ3AMNNF08E860OWCOGCP2QE6TCIRXYQEIQY33TFT4KLA9KK,0.007532835006713867,SHA256
JQX4CJSDB14VODYR4CN42HW7IZO57V4BCDU2VKNGDPCFH6HOKTAG1EFFSZJD3XTFBGO03KI9I7OJKO1R7E68KZOBXLYIZWMZKFTO2J1JBTH3NYOKW5G2W06T0WB3QDUYF95N1V54ZWYYCJZOX3XGLDSQTJJ05NRRL16SUH80Z9XMAHDT6CVMJXS10B9KVKZ40Y4IE259WPJEZSDR9Q0TTX77U2QBEP6NQ4RWGRCBU6006KF185YKDLC5TUJMM11TX56W7LQO6O70EE22EJE2ZC01QHWV24XBX2X19R4GBN7H60A9JJKM00IQU5A8GHP1,0.004426002502441406,SHA256
64JB579VYOGDXLR1K4UJZP36T5LJOQXJF1GI2V7EYGMDUAAG9V7BFQCLH9WTL9OUJNEVYUX5Z9M3KSVLQJJGN24KLBW5PIE8PYB4TA2N70JVJTJJQQ16ADTEX5IUXIW3RN3PKOZFSFK01ORNJ67ZC7CCVLZRAB3RMMR4ST76N7141LA7OI5DYZIGBZYEY95UEVTU5MJ7O8U2VPHR4SXRMV7O6KLUMAUPYBZFZRAA4GYC6L09X9E83KROMWIZV03O90UI1U7WFR9GER9442S3F1S6E2ZV6CA2XPLJZFLOMIBYF58EPKCKYJIIQ01IO1YM,0.0060579776763916016,SHA256
CTMCX6L62PHOT28082JGQ3V2X9V3GASWJYT7392Z6A5RNOT56J6EAVM5T7NIRKBH789JDAUNANYBKR597HIT9D4D3GY6OOXR2BCGROP12O11ISNUISLULTT7K0CZVA8H32V16TFVSP5LW4FV5Q1R5A5E1BVKUU2IN37C130HDPZ6C4KCXIK5ARU1L6IR3GV0MQADBXP6SEPUGBSCMS0PVQA5EFLXF92KGPFK2FB58FTQT1KM5HBK2QVBYULMUV4PYDKH975DOVM9NC3TR8DMPR79AVT77C3WUQ22S5FMNTETZA0CU7KH7LTCRYQKTMJL,0.003894805908203125,SHA256
OQKPKX7NNSM2KD6W6FOJA4OBW6M1E6QK,0.0035676956176757812,SHA256
DE5U2WHB80QPD531TXKX8IVIFQ0UGUIYRLW6Y7KEU2ZVEE31I2NL76W7BNM4KGW1MNK11ZRU8M3RNUR8AMDSBPUTXGPBTLXB0JQR8EUPP3OECJY29CJPFEQMPIXMJITSZDLOKW6EZ584A289NXIQ8QWKFZU3YFFS1WEN2ZYCRGX788VGRYRJBU4G1X6D7A7OAV316S6KQ7NG2EBTL9ITLVFSPRW5BAJRTGYG3Z6DYLUELS180LEJHP337LEOKRF27DUPI81PE2W0HQUE5YB6WBZNGFPNYU7R3F17ZMAOF70VCROFOR0POM6L346N7XK3BQNUAQ2Z5QSO38JEJG8NHFNCD89JZ1RVRUSL9RRXVTQY3ANWTN5F9NQ5H44771Q8QFYK2D7SW857T193BU0U9RZ99KR4I72UNXZSN0PRNKCS4BKQOB4278ZH4GKEUY2HPARCW568QB7K0KWXXFWI8B1NFGM5FU264JNSTH1GGNIGD5E4EAHPZQQWRSMX4YN4AZM4K5WL8VRLPWTU5LEX52BDH2S52KHXWUE4LUUKKW4EJIGGQXHNLHPEIMGYKOENNO6QIGCV6NBLYV9UAWJ0IXGF3AKB4Z7R2E1ROB1WXIX2GKFTE5VVMGJT5GUKKSWPSYDZ3W0IF7V59SACAAD46ORWVC3I4ACHGRMOB7NCFV301DR5XQ16OEZ0TKE1GRRDRKF88H40TXFFIA17S1AZMND460YRORS0R9X46H5X90936B2U3B3IMN9Z3VTIUPWJP6HPK5LSPIUJMZA29AL9HMCUCUO4755WA4BD2WAJE4MK1LPD60BAJCMBXS6ARRQZRH0EAK2GA8D7MYHP4SU79MYTO12OU1QHJO5DN31KEFVLIOSBT8AQSRSTNGPGX7RL2HI5A3X63ZOEQZ1IFPHJWOWAHQ1MV91G3G8X3306JGNVL4UW9M8XL2SWFYH7RCA3SIVS9EG8TH5U48YQISY66Q91DFMPNMAHFCGR4VMG,0.003961801528930664,SHA256
M9AZ6DYI2U5B4OR24NQZDRCH4J4YR0J78YUUEFGBOWW40NCUUJPHAOJCMGOZA4S1V39UYV1V065QKMVF2C74CHB2JFA6GF7IE0I6J87P7YAXCMKCZYLTFSDAS010I3CZO7LLLRBSZSGEYUK5PU5BW59UYFNW902N2RI24U4H9193D3AAC6VEAR9X55HT9CLX8MG77L1RTTOWYEBL5NZQG3841WLQRFUUVNV4UDEPEGB37W5KSI5RUNMUGRD1KG1E6Z5A84998CTQWFVPETF54LV82HXLUFF80DH9SWLD7MZK6D99BNLSPH07LJXUCIHFK3NI5QQ1V4VJEOJ3BRE7BOSHZTBU7S286O3TFFBANS4ZW4E8URYXIF82TH661Q8THQ82CCH44J4RQCJB98208G03D9Y4AGPIDLXVFWEF6MFIZERAXRML7WEVW3HR4BX2G3VV5ICU1Q89P23K8OB16NF5QL88A9KT3VDM47E1N7G4Y9JX3NEO7K32VHW5YP0YO0JWCDE21I1K792YFCW78XTNCE54979Q5UXDUTVXZ2SRUG3S9WVXTKTM5PXQ2WMC4R4BGAJ31XC8VR2LMP55CUR6OP0I04W1SGI8EX6A18O8QMX7PV4N3WI0ANBGMRWPTA3INVN6GUXVTYH044W05SY11KYY1SLLETFKARCUZERM7AZLDZJBM0U9K3KEQ10R4UV397WS22DQK3J4L8F8XBI2UN1NQ0ZYLZ26DHLVSP9OLQ831IKMV8OT5DGUO9BCDXZG8QR96YV1Q5C93MII9K4C1GKDFGGF6RBLZ287E89PTU8WTXGEGDJFY6KSIG0445918FG3JCQSB3C10V4276HD9QSGJBGA56B5VWGUZZE383MJ4JGOE0134PWPQKG08O8H06J9NAEN29R3X2TTHCS0SWV3RQ5BPSWY2P3YTNOJDUN6P6CT0HOJGI62BWR3TNY4DJ7SXS47XKPYCY60PTJY6LU6FGVT5YSLH2K8,0.0062122344970703125,SHA256
VLNL4P39SD6VO6V6A2ZLYDU4L9LUQVA1EULA72EBSJM7JOQZJC30K7FLGLQRHFS40PHSZZUWLIUXTENLEDJLTD2OS6DX04KUFRGIH3FY5HIU1OPVB0BXDSCYGO46995EZXGPDWHIQ02HVO77H4AM8DCA5UN4CQLNP8TD1U3I9H4IQC9HGWNS2VXERE2RBRS6F8FLG58M37OLBESI50Y517J5T5DE66S3HT3DZZ21ZM6FFYHDG0W503W4LJA75LVX5JRB9GXD9SCX0VRWM5CWGOVS4MQO181RZ5T1L9UQZN7HZPXR19KQYN4RBN5M1YDJ,0.004495859146118164,SHA256
7GYVH1VD83NLNVHFZAY6MM2YIA1U8CZ6TS2DL9E4J3NEY8X25PHU70DQQPLP1BC74C916OGIFDG31G6Q8D0EALVWP5U75NPE9KAA,0.003690958023071289,SHA256
W6M9EFF9TG,0.0040912628173828125,SHA256
K5PFBTMWTTQU5KO04KM1W4NX12I3I9JNDW7GNFJF2IQWI0LWFM22FQBM1Q3RS6SM7CC99J0KNV1AB422N1E2UIKWG41L5A3CJSICASJOI9BBW0STI2J5A9PGIU8AT6VEOYTG9GFI09DP1X9UX3Y1Z6YZTSNI2BHET4X8XY45FGL5U7LPD2WF049UJ30Q3AF9GZYXGAHWLU3MFFP00WEMC5TSEIAV0RIXICX75GLD3U3GD2SC45WKDT2F0YEGEL05TYMF8UTN16SKDI9E4Y37HT5C8YVRHRTX9MC5HOSOURT7BSXAJMBCMQKFH3AS9C6SZ290JBAHZS0CD3DS3S7FGI5COGNZRSISGPX8TPQZ7UIJ6G727YT81KBQS6E6X84K1N9EIWIJI9TUBF1WBNKXVEEGW9TCAZBGFUWHJDL3ZBR0W9NTWW614HUYRDPO3I2XNDXJFI27LKI8122J5Z5VD5RAFV17R4SILX556R9JR3GAR3RHEA7TGA4GQYXFVQ2WS82RQSDPEGQ35ODGMNJSQ6U7GHGOMV4MDNFSYPXXMQ6T23V30KU2K0IAMI22J2Y6SAARMOICIV5R24FY4X6FAYMAHN5ANMCFNZ56PYRIENLFZSW9Y5PF6U656H4G1FNL24HL063VX59TUU1XALUFX5DYYGSTS3QDT0KYOTXH9LUOEQ5XNASERTCR5G2B7ZETPO54BUVH2Q0VV3RCLAWG2T37K0C8I563FWCCLTZZ3V4UUQPHY10E1JAGN4NFZB2TNO1BQSPT50SLF8VDUWSMLBC7YTQO44YOEYPIXY0446DO57TGOANO2YW3TJZGRAKJPU9FUJ7YIRK4TP3MTKWKBN8ZXVT3JYC1R19CE79CK99MKAHMJCI02AW1BN4IRDHY1FVGRV31II2192UYXDTT840HX1A3APFJWRNS63AVHRHW1Y4MC0PT8ZJI9NH0FTU6G82RM627SP6UQCWHJZH7SENZZ6V0BNLU5TMDUEKF,0.0034942626953125,SHA256
QSCE1Z5GYRO4G4OBOED0KXRT7SLOKRZY,0.003292083740234375,SHA256
R030Z7920Q,0.0033049583435058594,SHA256
LNXL4GC2JCPYWG9UFJ6UFA65CRTYGPFCOQONGUCH01RP7RT2UVT2WHF7GI3A51JWGH3DQS861CZAJYXW0X39CEEPDDV0AXP4WQJMRA5U4RJDNLJ3HW82PODMEP108MYUL7MP774HFEB2SEE8Y5WMSXBV085WNS5MJIHDIYGEYBPU8URRWUQAXJIL0SX7JP5YJKSUPRD1LUSU6WPX6KYZ5IPJHR84DTMS7KU1S6PHDPWYE7UDWSLOIUV2OZD8HT32CI63JVLCZF6U9Q3P308OLS45JRJ2QY4QVK0B9WALARIMQHA8RG4CIV822NRUEKM3654QPB8ICWXFCD6F3B6GAYZ2JBRIWXQXYLP592CYWW556EWRITJB46EPQAXN1MDCGZQDIMIOKCBE3Q2MIEOWVW1ST4C9V2WF8H75UYI0JOVDI8CHWLINNTJELNCVU1I0005HRI4B4X8TGIF3RV68GG6YBKII4ZRDAGLXAJMXGN1ICNFM061ZY9LN2LAFYAAZNRN6ZPURB3GZ7RC4MJSUDJZZV1GLO2RMIIKBHTBANQ4B01K64FFLW8M3LD1ZGG8DHCBBD8S5WXWCATCECTYPJBSWP9T0K4CFZWXCOCRBMCLEK8G007K1KYQB1S45QYYGRQT1L3MPP1X8BQPV84UEDRG315SJ55PHERFW72L9SAJAMA8X3MS30X2XCNUOKXYM9WXVPULC9D1X9CVRR32PNWZI34NIRO9BQCVZVGJZOV5EJBZ2STNNLL9W3Q5I85H4BR0MJPDHJBDZAIOCI46Y3XVL2FTGY3Z6FVITJ3PK52JP00ERT7GVDT3L0EVY9ZI0X0DM9ZM06J79IG21KU2GGELGQQSYMHZE9Z9Z9DWJYK8Y082XGCABKYZXBYSKIOF1WRCLNMX6BJS0766HBKCOEOMS5UM0PL4B3XFPJ4BA6CUME2964U1UEP4E0GIY1A1VFA0A98SBZXHVFRBY28SK99QPQVAUTCZ2K9FQ15YK,0.003284931182861328,SHA256
WCBFHD47KU62YEEXTQBIB5G7NTYA6ZPR8OU4DGMI5Q07B6XE3LU1TOVZ2FJC6VTUSZX6XY4W8YX09Z7UYMQV1TTJWH4SYOE2256BVZLSS458CW9DUJDYBUHOLIH5XN2XH4R3I4HWPU38RR25O6A5EGECJ1W03WAGKD3BUT9NBSQ081H278LAVJ51WNFM07LMYBBTK4V1PH0UXJ74FR49KHS7N0V2OYT2BTHRADWP3WY566VR73R7OG45HEUD0TBGELDMW9TK5SJ7U6R2MIRPL9K7T90VNY01F1B7CM2A447PYRU3Z0SSLHVJD06OCXV2,0.003255128860473633,SHA256
50BLYRK9Y7NKM3NO9CT9HUTG7VVB7BH41R338H2Y8LBCZ0KLTG0EER4AUJGWBFMUCY7ADWFAI4XR307APZ4HO6839TSF9JLRKXYJJSESWVBKDCSVPANLEV66ECJ49XM4DTW11DKZWTKV950PRXXN8JPBVTM3N4ZACVMF5PCNAMFZS1SPWF0BJQ5IFB24TT2BS0QHRUP2PCT50H6LAIGOJ0E6YW9DTZPN4NZ3YQAZFG2PNGBIKT2TKXIK9VKFFWIVD9RZDN5EEV1FM8RSLTZSHS03O10B2CLEL9E4T6M2JCNVBGGHKLKLVYX6N1S93ECV,0.0033299922943115234,SHA256
4J1QNCZMJ3,0.0032203197479248047,SHA256
OI3ETUF6Y498FE1OFGQA9N0AR4S2DM9T,0.003099203109741211,SHA256
7L3ARODZZI,0.003103017807006836,SHA256
0Q3U3NCRCT2IP22CV27SISBJN6572CP7,0.006501197814941406,SHA512
RTSLZ4P38A5C9PG8FSF39KYZ46MD979JI6GKFQX3Z7881PIHMU96NFNTZPE1SNAWLQDM1HIDMQYPAIHQVHZ3KIVN48WSO31JUJCNI0K9RX71P3KEBXNPXA52Z5OQ1S7L6XHD33FXQGGDN1RNJ1E3BB0353RUQBJEEQHQAV99X7YVN1T7L8B375E6YI6FYI9FOQ7ZIC18NAAV56N4JH1UJR06YNSTAB80TV6UK7C00LJHPW427FD5U5G1ILFEY1LYLXS27POEL5F59ZZBWV0CVN9WPYEQM2KYZ8KBUNV29HJJZQW4SLX0JCDZAV6YWT09A97F4RT2AITVFB15D5SAUQX2Q8PR7BCR9IEL7QXDIZ3UD58RMEEGSEY7JV4TPA46O8S4027IQAO9NOD3WFF4AM8E6EVFT3JW5XJDE5N695MRW8NFI9KED06EEEEF07QDR9UIAZZ3M13DM2N8VGZAFKJXCDILAKTNIA6YFYC6E8300LZ77PPNU2D0VDJILRWWB1KI6FDQB9EE7HE9RBC9OIMVSGLPIVD72JGBULV8FEC803BIIVRH40TR4I7OWO3UF393CPPFKHHONDQX5B0Z3QVC67DKUFMBE7U5MK01V4201315AZMKGNQHKILUIJWAYSMTHZMYYCW3RZQXYZ4U9MOGNEMWAAPEEAU79CLVJHBRGIZVB3TTJIJTW3MO4GRVHXFPWUX8HLQDAH3AR1GUE8NFX1BU4AIBK4AXQ8NGRDZJDJV5GPD6TS8KKKWQ125MIWFXNGZORMSBJZ8AGC6M41DAOEFZ4DODMJ6K1QEMAKHFLOCMOXQGE75XMDTR9RX2C0N727L01I4UOVBAAMCEU6RUS4B0AP6PAI3QOD1EWNWHT4CMTTDUJRL7MHZS1D7A5VQ7KP3DVJ4V1GJIT7IQT17T56TIIX86QI6PI4U4GVWHMXL4HX18L31IL2Y2N9WIFZH7GLSYXCW82TC4L0G24N6OA5TLZOZVN1NO93GF,0.004445075988769531,SHA512
R7QYR7MF5B,0.006370067596435547,SHA512
6ENX2E6W9I,0.004701852798461914,SHA512
OOPRA7RGGMU1C7MHXN3KPRFXCVK28BK8OMPMGN88AEQNK2MKECL8387Q0T0YT5DZCZY9IP2QDR0C4CWU2NM8EGHS7B5GK2PHC6QIBAVXWSODOB07AAOHVTAC5WJH7NFY0CSRQ7WFGPNVBUVPHJ6YA66PJC0RCN01XMU7VSFSKFYUASMKHKL3DZQM7PVORV4TJNQHHOVWJ1JQLCEGTON3RVFDJAUNBM00XQ5Q3CLMLFK7K4S037F4IFGX75BDZI75191QMXB7F6HOTMC13T0R21P57NF7292ERBSLMFWDU8UROIUY3R0YTOVZ5U5HUFPQDYQR12FRHCDSI7ASZRHGXV97LRO96RVTC2UOPO24PXXURLWVA2MO2W63SYUQGMGWL1UQ69PN7EI0PBS92GEYV0L5Q6FRXGXRV6Z13OJSM4JRWDTQR3LMCLVBCCYCOWN1SN1JJTSA474T1QXEKP8FRHVYRM2M15VFJ35HPZ9NK9UJWY0OVE7HQUVEF46BSTPB140ODJITWK4LPN6A4J73JG4PX0DG6UQO5V63EN1D33G8LIN3A93JNN8QANNHY7NVUE0MFKYTEYK9BAPQ6QYLZI1YPPFWYBXFYZ65NE23RX7NXRWR55WC5CH2J1NKJ7HPY14KWM9LRUFQ41T0LRG8ZMTTNXP6C0ONAKAH9W0YN8RBQIYJ21PRF1322HRI2J52IB2E6R27ODIT7ILIOMASJ5LUYKGCQEW4YOMO6BV3XIL92R5VKV7ICK0V87JUW3N457WMIWI58MD4MCEJX1G7OZ973KPK2XK1AU94T9G2FVDTX8RTK2N8786IY9BCCDOX8W4QI2JCOZ9B4AZLZVTP3IDTXCASKVIKOIR126HUDAMSS02CR7DWZSFL2X6ZAUAXGDVRVG8SBYCLC8LBVTMFN9KFJRZKRRWO4D9DCA82AF0IALB55023E3CUBRQ1W62CI0QB2K73UBO57A6VLJ2CZR0YCEYTFKNI89LYTSSZ,0.004218101501464844,SHA512
9YD29SATV5T3A8BAWEYOQ3H5T90BHR2RRD7CW7LQ65CFHEMH1C7DL0KB1M6J791YZIZ3E01811HCWIXKL3337T0BNN0GS5UG2EGJO7FFWMWA2591T0YOV7NC9BT0083Q5XUY6TLPI08F3X1IJBA29OFAJC5PVDUZ64EUXWSXE4B96ZZJSJBLEAFANNIL0EFYKE3L3A3SWZ5XTKKLED1QV4EHDW90VSCAEC5E7P5FU4NB07SN8374CZMME97S2PTSWCE1415JS2NE9NWUC9V082512ICB62BR7JLYO21XPG0DY7JNQ9R0QB6VKHPMLL7Y,0.007875204086303711,SHA512
UT90ODC7TJWTMPUV7B1MPVBU1U4ZQY8S,0.004372835159301758,SHA512
0E8GTNPFC2,0.0037279129028320312,SHA512
1098G8WG4WUWWP4S46ZDVAEMPLXWNHLWLWVCPDFGWVHNZB5Z3IUZYUAY9Y63VULVNUJC0H3HO9XKQ88Z8BK0E5CC191MFJNMWOUQ8H003H5158VD4BKEYQFUVA14QCDPGL73GDJEJWEY96KGWKPX7IKJUJ6MSM36PCTJMTOVIH5OLVOHIYPTK2IJSUHGWF7CQQ8ATT4J09P3N9QRPLS7URACOBJ5BWKTX8T6XUJ2OQRV298BTRTKO965N1M57ZOSYOFHVXV00TDHW0J54GL2PF84MTYSMV4ZUIIK6JX6DB1GWPRH522Y7NYBYIF3SDN9YOLU2O8K9NP4EHLBW2TGODVV89C220UWHN1224SJGLJIJ4BINN9JZS7RV5Z6ZNK4GQKATTLJ4XUC8TURC4KXREUS9FN9F829W6120181UZT7W3E3B3WGMTRBE6GJG59CR6J7D44JH7CBUZXTJHE7J87RJRNJ9YGAM6DCRBQXWH1L9TUKZJZ2Q4INQ9JL8V1M1915ZSCSYDRNQKD42QGJ4UC099N2UNJEJD8PQDEXX0YFFYASWFQ9PQ1B23P6D6I3I34X20K6O465CF4T2VEQKAH2ADWTHZPMFOPVMI8Z9WZE90FU5FQTJ5LD7AZYHANBIVEASB5KX552SPE5HOHDA1YPXMJFJFGNDQH9UFRQJE33L2QQTHZNCQ6J1ATP8Z7H1WB46CGDHHLQAZC5IWPQQBVBBVE04DIGUV4I4RKJYMBYHO02J85IT1QUC6HIKFYS8CX939G50AQUNBKV2N4XHGA91P6TCY8V9P8FFL53GEPHV6VRUHHEFGTLPLDN5NERAE0O3RXQ6PUP31NI9E4XNMH69TLMHAQRCBYACGQYQZJH0N6SA08BBEXHRB8Y9TABTK0IV10ZRA8VKE9QZG016AOC0N25I3UDCZ9X10IRWQEGF9VD59H52DCXSB85MYFSWADX8TL1LNPJXEO9JOXNYQF39MADUXPA559PZL4P,0.0039789676666259766,SHA512
AUS5TBOLP9WSEDJVQ8TOG0EIA72NUSX8,0.0036780834197998047,SHA512
PYXHH6F7OF,0.003787994384765625,SHA512
KJRRSQLWBGLFJ24Q2YMKF58ZIM7A8AVWQQY470MCFWP8E8JTYFIPXSFMTL21FWO4AFTT1C7FQ73I6SRJP4HJWZQ5TX2UA0V7JM5JQ4VU1IMIRU0SYQ5XUJTV4WQEVKH4EFBPUQXE012S44ZTUR7QEMUFVWAP8H03ML0QZKGQIH0W00E5DXH4T4K8BUOZQ38DVXEVI2W4OJCKKN6R2N37RTU7RVD17L6MWVIOH98TU0EVB09QD4UXQPOEO3QIDFFBF26ITUS2H2ZP5DZAQZ11PVVXDO47IAFRP12BL9KW2LHI7CQUOSGHQ19LG8FQNKW0ROAUKAGP7OZY0VC2MKS47J0WHEF3DL9F7ADIMO4HDMF773O2ZJC6CAO6DX9R2HSYKKGO6MT8M737YFPR9XCN6FAU7LOVVUN01U9RRWQ6KFRVR5DHD5L9OPT01Z0LRLTZE319Z7JX0WDGIE5VUODJ7M8HLNERVH5O6YIQBRIM3NBXXC6E2PMG9UMWWHSQJ80WPEIAU4I5S38S71IDEYQRJWVO8FZB2D72EJSQDLOWW0IAD92I2QQERWLMN0DIX5UFZ9Q87WHTIYVHZY7WH97XKAVJ4KRRGJCROXPJ7TUBOE75ZC89K66S37CNZZQ0GZ9P0VG7QZZVOUEVGACFTJBAOQ4XQ1E43XBM37LWVEINTSQ9U3U85PC5DBI1RSIA93FHF26ZC38UTCIMUOIS9V8MR3QSF60GAJ5HMVGA7XZX0U9U2GS5O102LCQ6N0YUVU5CBV4FJV4099VFBYTQQMK8R7C60GM4ENFYUQFLJ3MCMR1JVZI710YSUZC9T3U6P70NGG5X55NT7FSBUW8SRPK0KJ14K1FYIGWXPH15JMPQHXQZW4N3VP1B8KP8C6YINEV3AIIZJK7GWWC3BYP28ZS8D4Y5K9KCGQNTV4FAEAAKB58Z0MIXGVR8JRQU319D1JA27IR3C75WAGBXY69VQOV7MIPUB8O682A31PA71TH1,0.003980875015258789,SHA512
I8UOBH0TND,0.0038530826568603516,SHA512
67W1CWTF3I,0.0038373470306396484,SHA512
JZPZW101C4893NSE98B1TK108205GYT7,0.0036649703979492188,SHA512
DYLLTHV5X161TKSKW18NXJ5CYZVQGNN53NWBN6J6H5VQZEEE3MY5NVD178BLI8LUP3S9KUZXOEW2G94L5PJ7I6VME0AXUP63IIOYUI7DO0PIMSBOXHZLW6D3Z4HGXXBHGDRUL69E850TZ6G2NO2S4ZSM3NEJZOK0P7WXM5XBVVTL0N7J5NNRHXVNC7LA65YQPEJMGIIERUXJIF4L8WHOML8XTMOEFXHIJXUH5IWVRFGULRI62DSFWMGYI4TH7AGP2BPV1A5M3TYLA6BTU91A8TI7GVGVD0QBXGST26I01XW1QDEJVKA4NW56V865Q7OC,0.0034389495849609375,SHA512
IUK5QCRHTSO8P05XS7J82GO6SEWDWE53TPKORLNPMQZS49F3KATZGYDIV5K0HP8EGGYEGBPQCQPC97KMK7WKUE6FK7HWCXVL86F0,0.0037949085235595703,SHA512
XUDBD26Y56JM5U8NY0IG0IHVE8DEH9V1EB62UEE7LNX7Y6YHFJZ0LNFCHDZQZS52GRHP5YMN3HMU10NT1N4LAE3SLECYNO0N2FWF96CFUEMAA9LBFDGLT44FWTXQX94IQ0G9TN5S1K4860T8UVDFGI6JS1RHIGT72MKB62M9SCIABW8BR7444VUV93PQF2NB91R0JVUQG109HFD76S0KL3GRFCJJ868ZCE73460ZKF27PMCY1H92TG5OXUPHELI8F9QPXYA7D1ZI0F164ES5YDRRN4XE8VKYPER52TPFGVJCFC78G3ZP3JHU33B242BIE34JFABKUTEY1GO3Z572AFSZNY4GNRBQ15CCEP7ZYIVICJ25V3IMASXN7CUTJFFPJQKZDZ2B5X6RTUOWUI5FB4AHJT3GGFJQEI2VL8C4YCH09P431S29QH03KD86WAVOCWTQ2316BI57TDARDVGX4HI6D1UPT3I3X0DK7FH8EG9JDG6H4PAUT3A7N3XZNH3MWLMZLID2UA3ZENVU6MHHRMNAKE5X21LTETKPERP9D4ZE67S8I6US9LL2IP7ZS9UDG7LM81Z1YF8FZKUXJ1Y2A9MPEITSKS4KT5DBQ3W32J30CTI994K5KG991EZOOW38AZ6EEIW5LZDCNVG0U6BFLZ1WJ0OYV4ASSDUWFDP7Y0ZJLMECIGJM632CNSRJM8CN25THM2SIBNIVGLWL5FXY4L9UYUK7LPPCGBSPU2E1S10VYN59FQH2BZOP6SY2I7VRH8I5IK6193BNXUWJOJ4HL12PA4ZQ6E6CCK5ZJ59WOPLYTY0B7PJMYHCCWH7BDEBR4UPL1AGR2Q579I3DIUXYKZZ8KY43513GGAOFUR4EXZ6015CV90HZJC5MHY4NCZQ54C2ANQKB1TQF9UGHC9L6FBWIXJJZMC5XYE08RVDRYREGUBKR2XQQRK1QVJJZBPB3N7CAX2ZHYNHKN9CY7B0IEDQXKF1E361GBUUO8VW9,0.0034339427947998047,SHA512
VKWW6V5GQOKH3XSP8GE6OOA3F1VON1QJTGXMHA5LKXV9RHWELO5KC93F2N8AIIVYFUB6MXQS6AOCBF8XBWCM8RJRX3EQ7I2IMTK335768CTJG70UYSNNXKF2JH5LUVS6TNS1M44ILK77U94GL8RTTUHH76KVVUPFLVMAD9BCBD6SIRYFDYZ1GWNODES4KSUOXKRC8BA5ZQFYPUW0AH8UFX8KQ7BX8KK7WT04KWM7LNU9HC8GUR7N2Q9XHDHN20LWW3APZAUB8Y5UI2V12XPOYGPMZEOXS9TU1PQVVVKD4AG9TEURWXI8XGOZKDZTJPRRSWS1OCUZ75RBP2AWBBE5SGQ90DVDXJ7JZTVHHBTQZXBV0LOBLGOLBDBG38JVFV5U98RQVQNT2V5QKOR6DOXIA97AMC5I9ZIW3RRA17Y43CT352OHSWEZEN1A9WBDWRUZUP1GHC3O8CSSM8YFJC5Y70R99B632OQXYIPM467XEQHC4PNFWQXEI43X3EZPFSAJL186CXIY4EGHRXFLHVDA2WJD6CT1TRW2DLQ6U8PER0MOC209CPU2T14WJEZUJGRK35D2F50D5X2BGO9A7QCW1JLPIC8HKKBWI4ZQ1SP4NZME36192LVDQTUUSTB7WCZ3342CYP2H3WU5PHM7PU5KKWG2U7T6M1LORS4IEZJY64G530VJFOQSD6AXSJTHLK3S7C2X246GPD7Z1LDANXVUP67KBMLCLDTBIR6IAYP4FOIGHZ9IP0DNCSB4LCM0FNCH646C8H81S19YL476GJ1T6BKB2HD2QH0E9OKQ8RT1WIWONTWGLFDN6K7JQCE235S0F8XGBPP3S66TO4N17WPN8KI4YIR5O2PJO6V9MR13UD0DKQ1NTJ3TTP79INKSC7CED4BU248O91HS4V3BL78LEJQ7NVHA9LNJQMHWAZ5B6WMGAOV134XOGT41DKJY9MEIE07VI62QEIQ9D81RTLFMWYXV1AZ820QBMW1GCZ3M,0.003483295440673828,SHA512
OC3NFI48L0LFDOTWRU7B9UHZWYD1TF6QEWFGR33F88TMLH4FODQA6U7MNU6YLLN6JYM96DVGXJN95XCJGRZPWFHIBC3T8QI5PTIZ,0.0033228397369384766,SHA512
HZWCQMMHCRRFQZ4I6IZ131F7VLD0YN9D0LQDYXD5BHPWHJ6FRH29U846X3X4LLOF6XZJYF6X0GIIJR11SQQZL8A80YQHSR82YJRPJBF81G4VMI1C28KBELWK1ZWEGDM34AASGA4AL4STQY71YP7JH7ACU26ACXXG2MGWH7L28BT1PPC1F86F5AKPC3DSA5PAFFD2LQQG3BTNZ7GWS2MOX871N7291IDNAZLT244ZY72FZFLGOPCWZLQ1V24VXOIHS8KO80FUCU73R733P7DZ26JL4WR5W4NTBGJ6TO9UYOSRXFA1TDKQ3WXIMNZOJN0F,0.003258228302001953,SHA512
PX795F5EDCHX0PXGKJQIS5GX9LOO5QOD,0.0033059120178222656,SHA512
D11OYF67XL01I1W5TUV1NAH26PE9904R,0.003465890884399414,SHA512
0L2QX2X5AC,0.003331899642944336,SHA512
NE9YFL97LW,0.0033600330352783203,SHA512
V8H8ROUE5WTC6058G4PDZ6NKSZ4VDCMY,0.0032987594604492188,SHA512
Q9FQH0401ZNYHEGCR0SXAAU6PDT2OZPD,0.003386974334716797,SHA512
CX1XDRDQU9ESBFTYIRZIKIT3Q2WFDFU2,0.003196239471435547,SHA512
KM0QAJVUQJX2FHYNUX8VNX3PALHK7559,0.0034389495849609375,SHA512
X41A58LNUI,0.003968000411987305,SHA512
0FYNPGQ754,0.0034482479095458984,SHA512
HAD47BO1JK,0.0034050941467285156,SHA512
UFIO2V309S1QG9B2HL2XNPBN8O8AB97I,0.0031223297119140625,SHA512
H49AOUVANCI8G037HW6MDR4U7DS2IBENCO4J1MXV8EHU0CS6UUN4KSGOW911V6SDUG71BJW5GM8B929FT3XM7OAOLF15Z1PFAMNS,0.0035400390625,SHA512
CZCKQQVZJL,0.0031070709228515625,SHA512
84O4ESGJMC,0.0031540393829345703,SHA512
O3EQQILRNO5RB3CW9QJR8WZ2T0DVDCLW,0.003443002700805664,SHA512
XZDP3WS0MP,0.00321197509765625,SHA512
QH3FVKNPY9,0.0034608840942382812,SHA512
KUP68QQ8M5,0.003293275833129883,SHA512
GHB9S2PND87ID0IW57MOJ0MSAZ23B7OSRX5EA5B1HUBDXUQNTEG6DWYTQXWB9BH4QAGUQU7PIOXH0KAO63U7R0HU71XSTU4JYOI7CTEIILLXDPSXIZMRY1VIDCOHQMOB7WP5VY5O2NG42LCLCNBC276U5XBRRNVYNGGM4YBY2TVH1RBSMZT3643G9K8TJA75V286HZ527ELV5F2DGY8EJ01MARC2K4TD71FS0G8YEZCJ45OVW74LZZUW7RBFBDZ177CKJX2656MTEGXONAGN5MJ0TM1VTCD431XGLH9TX1TKDSFVLXJKMSUS646U7YDZXRB4QZIZWQJ0UQZKBHW7HXKRATN3EJGZJGX2UINFHS771J4BY62U8EYU2DE430QTPYL0W5BRO9QUFY63U5B07E4P60AD2D95HJCMZEOMOK6FRG1WY04Q5UXTR53KUL8QWPOL8XHK3F48M04D6K3MOHQDGRCI6684C3XC3H2B512JHON7AGOBMT55XYF3FXYNWIKSPQU77G28PZKNLX4TRNWQEBAZN51EYOXMNBEMJTH2QK5Q1GF8E8M4IUT0HZD77RRAA6OCFQGDYBS5LO1I6Q3YEG3UCGJ5X6QODZ5GNL0RAM3MVFZIFQABSD9FGO9HOBVNTWHDROMCC2FF6WW4QE8TK9POU3XZ52TRGDJWP72L4RTXSQR6YRNEB1FBPME8TNT6MBBBAU7X78RZQR0SNBG1Z36WQ2Z4TJ9DLQNUH73DJNW0E9G360GPORH40WGGO4DUFRQD79KYZJ9S76CZRT8SE4RAT2VMTAM3WW2A358FGXQM8UISMW7RYRMAU3NFYPZARVPSRT3877DR59HPENF67J9OYMNRYK9ECF51M1DUN2JUTK8KTTDV1C6DZEOL6PBSMEZT1X73QODAIUXDBTUGDXDU8HHR0JLB7AOWZ5SE38LR6KGTDAFRAG5H4I4CFIE5QEIJDJOG1X5764ILCUO9BL3F5EH2MVI02QTJ,0.003278970718383789,SHA512
FXRJIQ6AIGXFSE4PGHTI9G3K45DVVZ7J,0.0032291412353515625,SHA512
FMW9NKXFY4GEG78S0KOK4Z1RWEN11HFSJ1ZQVS7E6UKQ2KHVKL8XT8GZEURIJOURZHQXJ9YKDCGP7FBA8P4NLHK1IOJSANADGYOVC6HO66BGK48HZR0U36QBVTXN7ZOUR5QYOV11EJ6XN3M6UAXFHUCC4U2BXHWH72RFLECXYUUA85MQGUDT0XVP4QGF9735LI2YT2IURLLKEBC1M9YU7I6UO9YQBRDO4CRD69WOE1XK4YHTB26291F3GUQZCXG2EH694SPQF0IH5LSSVBDYDWT5SICOPGHKYN4UW0VIEFOH8HTDM8DY1BM2HKB7L0L6,0.0032219886779785156,SHA512
B81RJ0G69P3YSR59DZCL4IYRZOYAEW4JJ1QL7456TD4G67IEFBAQ42MNKGLDJC9R0K5E0SXDHLAA4LIGFCKYX3XXNJOOV6V33V0HISJK4VNP31XUR6427KQKS5IYMAGB1371XAUP74TUIXQNNAEXJJ1UUNLDO6A92B0VSVDPXR9JZJWPQHJ2H0PA7VSZX3G7JYKI43V9VDE7UB8XIQ6UKII0HDQ085M6F8QWZKAOIE5RVTU2UHC5LQORWYZ9T8G03LCXRRJ2JEUKUPCGP8Y2M3ES76XSWN7BD89PT062M4DPTK07UKE7NSSKVQGA7A8U,0.0033431053161621094,SHA512
KTHA3GPYXO,0.003086090087890625,SHA512
91D2UMA4KR,0.0032460689544677734,SHA512
GYXT3CY9LMYWSQLVIPPCY6QS77URROLF,0.0032498836517333984,SHA512
Q206JS05N7T6WW57672J44VT9DUDBECC,0.0034151077270507812,SHA512
NTDDRID7BO,0.003178119659423828,SHA512
MLSZPAPEMRKT2XFN8BEH1T3OYMZ13Y960CXCE83MAK33I0APISMG1KKQBXBEJ4D1CVZCI3LBKOEHQGUSIW8Y2KF3766WHQPO96QU3JDVZJHSXHEYXJXN3ZFMNQYBCX9TBFTGZFJ9DCQ32JRHTXBD8RPVT2FIJ9NTKNH5KBVXL0G9T11FN2S51S0GP2EU6Y27J64701XYY4NFKYMBT7J89KBND1DEJZ57ZRIWSQ9QQO9BWEFWMDN8WFMQ0BOTZXVBM29X9KVXG24VGHIQAT1NDFB7LT3C1ZXQB39YVC1YFA82LHUWU6C98ITMGG9GEMNJ,0.0032608509063720703,SHA512
KXU1WAAD60,0.003271341323852539,SHA512
1I59ITZU3L8KFMGG7VV7UMF4T1GXE9RXIIN1BRSRETF7QNIXAAJLY8VIGBHM0CX03A3YTQJ0PFMO1L5PC8R5606L82HHZ83IY44NTX55G3FECYJVG78D34I1QP47XK2K5O3UGX3IF6K6S06BA64557EG4ZVT4R561TF29DKDC3BQS3WGPFNAB5N6T6UK3QONSBMQGOXVH6F29LK41GJVXFBVV639F9UUDXRNBOILJ4U20A3ZCW13TVFN4XSTNOWB7UMC7EWQ805XWCUG4KMEVAMNO2HOH9JFIXAGR94H6U2P27JY84XFLTW2OBHBKQ06,0.006618976593017578,SHA512
GIY3MDXD9AWIA6ZXO2DNDN9EJP3VLZTP,0.007255077362060547,SHA512
5VX2SNH7J9LN1L6KQACRTPOKHZ32VKTM2PLN25K31ON5NLSK3PX96WOXTU1RAG7TEP5GAPGMCL2DW6CEEWUBCODC4XL8TQET2LKZ,0.004791736602783203,SHA512
0KBQGF15ZJ,0.003704071044921875,SHA512
B28LBVU89NYTFAQXF4QE7YN2LA9Y3PHG,0.006736278533935547,SHA512
TO62RECC01GOXB87U93LY7FXOIVU47W6,0.004131793975830078,SHA512
3EBH9OW9VPFM66MM2Z4PIJODQFY8NKX4ZSA7YF3OBH2GYJLCTZXKJPKZ15KYFIV8EB1L4MJYDHXMCNYK0IJ9JZ2MX382LMGTBK5QA887O4DNI9NTVAW60KPD84BMWJOL7YQ6TH3RQGK0VPRVBODK9W4UTV2K56QQR5E5FKJMZ9IMYRCU4F3E77X8JJ1OF9HKQGMV65EKZEM062F7UJC1UFPW1RH5LHXRYLCAYFO37E0JCWZZ9SHU9G7RQQPDF2BBE1A7XU16LHAFSOQX22Q579HJ1QV9ZWFL22TX2YMP978GFPPFGY7F86NR53FKROTW,0.009060144424438477,SHA512
MCMSPH0YO0QIVG2ZBSCATYYPPGNYPLPWKBCM6SYQHAY66GNTQMFBC6T1VXIJL266LLKLICLOAQC8B7B1EEYSSS3V1HZQGRNLF5FJ,0.009532928466796875,SHA512
NCJ5NCEGR8GB9BNM1LYMF0B4L65O2TX8T2QW90PW32PYB7N98ENOG24QH24UKSJEOMRHXLF0UKD0GZ393EYESDWYH59PERQMTZW5,0.004049062728881836,SHA512
0TXHXYZL3RY4AGS7RVU8WB3EMYT53HTCTGV73MNFALY0VFKB8GUZP21C0JUO5PL6P4GNXOIIPLNJSTHRXMWANUDTQM12U7KVCLXI,0.00693511962890625,SHA512
S00PJPUS86V2YXU0UB7CSHOIUQWEVUVK7KR2BSEL96FUN260VY0IQFVDUMEFGVYZQYA7ILLIQVFYUHDEEOQG8J9LQPJXVPI0KBWPXOU5WE21LXPMDPVJHWFMERB6H4KU9WVJHB9524MDBWJ3MH9U2C4RNZV94AJQ7MFJNW0IDM29RPOV2Z2LO02KWXL1OLD4D2MUMF6855716T9JYV78B4D5JYKS6Y3223IF29L8ZCKF4JZ2NU4JWCOD39WYU6C8XQIS2P19WW3K41JJ8QJVU2USRPQ36IQKBVKJRTF9BZHOBCJQ3AJ30BCR1J1NKHV2NNYD2RG3AWOZZP6P1Z3S9YNLS4CMB8JESM1QUY2FH8WU6P479ZUSDFAGC6R4ENKGHVX20459SE6EJZOCEMW6ZB0HQ4MWY9IKAD1RT6CVD0T3AFTA07KULC2AHETDFHQKBSU64TJ6NSR8SBLQA92WQE7134IBSQKTRO47GLUB4MLXX4M29QD7CP466O1SCRHS8ZR8LZ2V84EA29E81T2TBK0JLX07X0H9U9KS4C2T3FTYB5CQ70RPMWC2H3O27GXKMGGSN6AO95WUCSW95MP4AIQU84DDUQYBTFKOVJXWO1QJNNAHAR9UXMM0056A2F4W8YZM4QIXMAPE58K0R4XQA4R3I4XVM8WY9QTODYGX5HDMV3AVNASYKWS7HGH2AQYP69ULVCK1Z7M89CY7XSXUVPRAI8SH3NE911WTSLSV57RQSDF8VARM7V880HJOI43G76BZ384QSU3SFGZHSNJT8VQTU03QCF1HME0OE6EGV4ID3NJQK2S7J68F3O5TW8EI5UFO4D7X1SNO7IZOG66KWOEXGJ922QE17C02A9AJG3AYK9SO86ERP9XIKZ97QTCLJ6I8QSRNU5NYHP47UIX8S4R1XTWF1F97CFVH0ISGORC2LRV0O2F7PYLYO3EPSESMCNEF96TMWFBXNYB45L94OU1B153VSAVS2OFNWB3F,0.004641056060791016,SHA512
PSWHG14FRF,0.009839773178100586,SHA512
KY4WNFX3JV,0.0076138973236083984,SHA512
CO46AVHNPS6H6ANKJU4J423Y2CH25999ES7W3ZGKSUA2G2HXWTUE5MTOAX7335MB1QC31T7SBTGB4P21A1W7HAG6818AADF2XC1BR2PDKIN0BOVP3YT8TCCPRH81HI956B8PH82MIDIM5M542FF4B6KB15NONVYJLRINOQWKJVS1HA6D4390SU66P5J2NRNUQQXE1UOQZEICNVYKXK67TWXFW8Z6WXTN66F3DEVMBP7TP9EMAGYO6PK7H6MJ35IXG40UKOY7CN5D27Y2N8BM0QY7KKR1SY71UETY3B3PC63ORRF2AM60KOL7CZKLWYJDE72BT7ZW0WYIRKW9TP91KOS9VRKFIGRWRO0ENT6RSXE7NTWWN2ENI3LNSE0NRZG535J7FREH5SS798W6JYPUIW8UDXUGKB5QQYEEDU8C7VXJHMQFXKGAQU0YES315F75QOL0XGC7MRB8DEOHSPBP3DPDV2HASJ29KQJ3FEZP11LLE6WAWL2KNZ74M7649UMF1IEWM0IX2DUJ1VHTE8TDSKCQB5FBY5WT7ZKCQP58Q7IVQL5NDHAC2L4KMCHRT6ERH0H44DYBGC45LGSY6OSSJXJG2M606MUSLG2VX591987WS6UHEPFFXYRVVRGS44G1BP1ZWDTXL9EWMW93N7GLLOVQTYOWJIH3HJ8VFYPFGU48JE562WQCVAKBO7JEMUNK3T3OEMSBMRLM9B2XUOX0RA0JLN9DCUZF96TBF3CSENM9EQNHILCW9CLIR2MERN1TO41XJPVMBCMM806I6QQ35YVLEYZFELKHMICJPAW1IW0JZAQQGHGP77CG7VABX4J6EQ8RNRDJJ504LEQCF2FXCRPTSFL9ZFXPTV0KKL8URQAQ1GCCXM52JR3QRC088NPPVI6ANYAT7R3E9FIRUQ95TA2PVZXIHY0CN58VHOHV9TPPMZU6SD8335XMLGLYWKHTECYOG8CY489DB9O4MR3IJ7V4RJQ0TYYYGQUA0J8J,0.004199981689453125,SHA512
DMWVB3XATGO9TR7M0K6JM4V6MYQPH21E,0.006920814514160156,SHA512
4CY7NRTN3BUG30DZ8VE9XVR8HCHIQ9WZYVG1NLX36O4WQEO75XFF1BFYSNQ1K9FIDTL58KOJ1V8C4CFU1Q2RXDOF8OGRW270T5NC40C0GGNCN3CMM7EZICWSL6F91RES1X8SC8W7RFR9AWLM95Q94FGRVSXVZ1ULW4RJ5WHMBCG2L6DZA5NXCURWIKVMJ56GOI1A66KQHBK40ZCZ6OPH2H4Y691QBMZTF1BVB0A2RUVHWML9UWCBJ4FDN6RZKK9OC3MA8Q19V9G6E95EKZLRMMRM6KMMVGBX0M6F3LB8OD6L6LMFS8CG5IYNBMQ4UNNN,0.0038499832153320312,SHA512
Q3EZGYXNO3QL5R1LT8NZSRF1OYKHX88QVKP9YT6OZ5T99PX0WRLY33O4TLBVZESFNFQH5TEP65I5URBZIGXNDE5XJQ49GHG9KEBE3TBT9PCCCZGPX1JI9RWWGDAI6RPU8A06WK4M1HVGQ7PKAHDM4SRXIJ8IA33ZHO0WSX9WY96ILD1S6QN9J0ZUT6856TT2ET1BNHK46OGY0NEX186Z8PSANK8JOQ4O8Q9UO0QLREN7KE9Q7H1Q7MWVDTHD6CAO0ZWCY2B8EL7TIQF7FXEMKHYKFZJDNLHDF938U5AGCOCNSO8W2CS8S4Q7CMQYPO9Y,0.0037839412689208984,SHA512
HOQ3FL0U1SJMUU6OCN7D7D3G4KD9HZQS6DKRKAV37JFYOKLO35GHNMTXPB2M0T165GW5DCEEWI8R8YILYMRTVW1SIQ8WSZHCP21D,0.003779172897338867,SHA512
FHTSCNZPS4RZZDD1FQXW8F52S3SLEIXHFOC6U62D6Y61DIOMIFIKJ7MVLVN8JZHFWKG615KJMXS15WMDIWCWD3EFOXN2MG84OXV3DHL09G22D1QG1CZICM919MVAKLU0F769NPTIMH4ISMVLZLXUK861S546MOYFW56P580NNEFOXGHL5D3HIZLGP1XXYDZGXODUPIKIB7MY86OBO4NJ3MVTNGWNFVKQ6A7V41RB2U149OTYZK7QK5G6S92H73G46VGEUHEUAT6BEH2KWSZSO9HOB83XAEZ420HQPRDE1L2QMKF0KFMRNQ9SWA79O70Q,0.0063169002532958984,SHA512
TZEVN8E2L7F3K1K5SOJNK9BA4R8V25YLSMP2NUS99CPPSP7GB21D3GO9YLEYXF8O8B00TGUJZJXCB9T31KXB04QH9369DYEC1S4O,0.005025148391723633,SHA512
HTC4Y438JRWEJNHNCJ8JTGKVIGK1HRYQCI0QMXLAXT3A2M3YBN0P6Q5U4KHSUBA9N8O5LZJOXNZZBF6RUWXLSZGO7OGQT58GAJM8S9N7OEZ51IRSG5VTM3QJGQC1C3V0JA1NLD1JBAT64S4Z9GY9UBC1F0HS6BVIQJU0YKKFOOWUNJ6RYF2IS7630SIWEEHZY3HJ6HBE6VNHD2QVE46SJAIMAL6UKFAK3EB67F5YTY0LQY0T8P4LCJIE3G2TSTIZCDSJ5PQ4JBYAL1BBJYEAPIEMVG70V8Y4XGY90JMS42MGID05RP5VEJWY038V86LH,0.0036492347717285156,SHA512
44KU9O78YYULL31K9CEPEBL5FMNRYJVLHB1KLDID7XYNHNY73SI400L02S7AMD7XP8MTJEQDT7ZUALZB2PQIRDNNPW3P81UPJN70,0.0035288333892822266,SHA512
8EM7F9OAIAPOTYHA73501TJJ083LNZN2,0.0034761428833007812,SHA512
WPPUZU8BJ7AAHUHGEW5DHIBFMTTL3WWFX1UK2F6N9ZK6B55SFUV068EAXUHNWLAS8Z24BRWQJVVXDPZWOXINJL4KTP0DDQ0AYJ216ZZACUQRAAGEJ2WVCFDBTMYH3U5D93C7NXIA9EUIKILZ065BQA011S38KSCN4BNU3QB2J5TN0YWEL485DGR4KUE6ZEXVA3VKGUPOO90TZD5WZHZQLSTV8IS9OXJOW0E27CYCSFW3IXOBXBCQS6EQ1LCT3GQZED3404VBAWHYQONLWQ9VXMXIK6SGTUBUXY5D157YZQTMCTFDA9T6ZXIOVVORH4Q36U21UL3FK999HT3MOWQJMGIYIM4UADIAASJBKNY2196SD8B5CQ7S20NJ8KK1L92AL4P771M0LX1CB4CV4RV6NVJTE5GM2IJLIVXBQECVX4V8FI9OEJRX2RGZULIA9NZLNSDDWZ832C8Q2P0WPJRTYJWW2NCD4FISZ9XLMZ0GZJ82AOADWSCUDHNIGR73BH8ZSF2WULIU4YNB6CS8KGLJ3E959UCEPKU2MCZ48XO5W2V4UM3O4WV37XUWF3LSSLWD16YEC8YPX8UWO33YBBK8TGWAICCK6OMC6L5OSNAKBTAZ37WMEAXOQVLNTEY4OY01JTFCD7IGJFH4SOCBOD0OONX7BGIN2R6OLUQD7GU9ZT3MALH2VT9IDNLB8II5I8M7NDJUF82ZDB4NC4GO9Y2YMYK2KWMOBCT4I7VIFLLQF563TQ5RT7R1OQ2EJLCXKDN396U52A0Y4O5BQS7J8YP2KZ4M3P73RRDBXM53BMODQD6KD5EJCLQ703DJV1ANY5M44LRKH4OITLVFL2COXRMS19TB4PLIMGNTGCLDFCL7XGZ3SXCK4CVNIWW7PDLLNRYDL0M3VRYD3TQPOFJ34SPCR7VYAV96TR8PCQ1QDAODB0HMDVIYY6V0HY6PHW097N8OE58WQOCGIZZ6JEKCA3XAFV6BD8JFDEB9EU25CA20,0.003513813018798828,SHA512
WO2GSKZ0J502Q92X5DIJWIWT1C158OT3T2Q4Y8KOTB44WLTL94QQHDTO1AVDDQBRZYWTO372JNP9R4XFQS9SHRZF7KF3PBVEXFQFN29VCA8DMVHXBG7QRLMOKK9P3QCIAR0QK3WLPGRSMCRSVTBQ1NS3FIKSAXFA8N5V3EJX9DSTVX3FUXKOBINJK3YMXLT9V9AS3KNZU2AVS0CSXEUMJHE2JZ1LBUYHJKFHW4DNDBDOADI82CYEMXMR5POJU8EZ5RBU46H5W5O9287PXPARESANRA283EV85LLRF6LA3I5TBZ66DZTI8A5BY5PRMHKKAZ8ELVJHFLR0OOF0TE70VL7KCYCLKBGH6KOR1YXHJ0LZB4AYMAY05T8ODAZXLS7RDL0Q5LAYQNM8E7NRB6LQS7AST5PG4PYVYO81TL3GNHRRU6VOLB5F2UWPO1JLUFCYBG6ETFHFQXBK7Z7YQUYOLF4WXBRXI2NNQGALZMFYCJ9ALPYWSR9JB42L186HMFCKBCZZ2ONHU8O2IRCNUK6ICEEUDJB5SBFDC5S9UL04SV3DYEFDLJ2TA2M88S9PGHLCR7Y68CNSC7UW4UITGDE1FQI61WCDV2H3IKXQGV09U3VBJFVP097653DW1B5DB0J2T36SP875THJSEMJCZ6YHM5GNP92U92NV95S7XYZLRR9IZJDST46U2XL1WVWVUN721WQ620XL20TEGP07QP3NO7H6ZRDK5V2A1LUETIBGRR6BOR1504194OLZ21VITUV6HJ7FMBB22AHADWWEXY5A5EMO4FE1W2ZUH26U7EUIVWDTVRTILMEZ9J2QBUE6W64UZ8ZXBT8B5GSCIDY6VO8GONT69OPR9ANKBTZTT086JBNNIB9GWL04SNVZOBHGS2GWDB9XZRKPZ0MCGGPMLUEIKDNK58DSSQNO0WJGIF3WZCOFUJ6LG039UJD2M6LW4OMLL7AIC4U32DU5OCFZW57FKB4SUP98YHT0ZYGX0X6A,0.0036640167236328125,SHA512
8V80BPLPMVDL3ZZNCZNHW1DJ7UDZR15ZLL50ULRY6E7UMIFNGQOCIAE2EM6XM7D852D878FDTVTSMCAHQY5RX9G22XXKWSXPGDKDGDLFN6VK9MAEH4VLIN0PVUKUAOMSNODVNG524OFFKD8S4CENU9B6IJZVIQM5GH9V8JIZJK6B8YCNPT3YST3D9J6RQJ6MMGVOAK5ZPLOBGFZZBJGRAVI6NNDT913V9LTL611LCG0MYPXJV9AD4H3BMQFUB1PUS0DBHW8EZDXE404IA509FT3NALT3C44GSJFZVGWNXYD3W2HE958CPNU18N1L8G51A30H5H2VV19AXLBIHG0NU0JMLOVL1LPOH33JX2ZJ8B4S8OLP98VISTRZZPMV1SQA4CA56A486EIQFPNV6IUVKHN1UGZWP9P6SIHM488W825XSLE78KDA69SNMINEPIJWLYG4MZQ3YU7H7ZNHC5IT3YCAGR1FCOULMOC7SQR4ELOW0C9105LJW7A1NOUG6ODCHUY3DYCSLO648J0HVC8Z134C8SH36RC5IMPNIVD0NX4SZA7W9F2RJMYW5HV9B9OJDF5K1OZJGLNC3J2SO8CK4I6X3LS3K2FLIJ3AYD95E4C6PBDTD6YX5Z3RA74CACC1NDHEY4Y04RVW2HD3WRTB6N9XWDCJR9RY9PTIOTLLJ819GALSQYZMZXWEWDP0EV1ZC5J85LZLHLOCCI3676VUN6W35CECJF7XBWOY9O5YPN3MLOT7F1IWI9ZLTLVAO7WQEFT4J8NO1S0TMTUMM94DCANRKE4VEZW8RMCI900C1SR75HCW2YCIKWFPHVQETG370NZJWF2MSNVT6VC0YH0PPLI5SJ33S2ERIY5C1LE52129HA1U2RTGFDJ6754ULMHLM294THGS2BKTCAAY1W0HZP0C2V7ADQA98OX64W47DS08EETC1K4HIVJX2PH7NRXDJ6KFPS7RVENNPBQLA0WYNVT48S0G2G9W3MI9B4W4,0.0036039352416992188,SHA512
R6Q3V82V1I1S0NW9SEYJZ513UNNI6PKDP3UN5O7UDRXVQMQT7DS2HDALSGP27NHGEVEIG2G1K726HRYG5LJCQYU0LE0PMBY0HU2Z964IL4KPGC2GMLNDAX2L0WVK027RKYCZEO2LQSDBUWTVY49699WG8Q01RDQ52ATL618IB2ZNPB326ALP0SGDL5H1283Z0CF282V926GXWEX47QSZCLUTLA7G2UMFISV3P5ISOS8KGEZBYS6ZCH8LFG1VRNLJL2CT9X9EBLU3EN4Y49VMOBDV3QKTEDFHGKPN7DLJ5JCLD4CS60S4WKS5GKHUO9M9KVG8RJ4XAHHN694Y4VSZJ2DG6JJUU4Q1E07O8AZ2PRRPDXXT9E3N5E1A232B2UEIOZXDLWJ9XNG4TUP5DQ3QZHHEN9G4NIW6FE8RMQVXMH8HWJ9RJ0BY5C44XU3PTQO7CAKYUY5KEQC5S2QRIHYM8WXM1LQWILYLN1RSO4YTKDC2T0ET1W4Z122GG67J3Z2MK4J2OR95JAU5UG2IT8YNFV1Y5KEOQM2ZTDO1H5VTBRNMCK0DDHG7CPQTLEQ7GW0TXTWM0K1KFV4J5RW2B1C0JH3QK4JK1MHWO7YZO9QQJDSZ04Q90MTQHLUR2SUQYO5778DV62QV03EYYK3BB11F7TJP8F6B8ZGXB7LATYKNTJW8MXXDCHNZVY9IJO0PLAH1UKPILEK1WH5DZRMIFT50S5RM918SGFMFBA8TSIOFV5FNX5EG1OWRRK8ET1G3C4N75BC5DSTSB50G7ALOSDEGB403KIAZT5JLIWMWWV1NF5CHNF36PDYZVKRS5SBHMH1HUMVMP0HMRNQSKIQANQ4GKXNM9VPI6GIIOEMSL5M0LEWNPSRFDSGKC6BD4JUTZ3G2LJC6H7B29UXIV225T7T2GUDMTD4D1THNKJY4OTVANSRYLVVA3VDLYANVEQ8DSJ7YSD4UQT402OA5DNRUNNR0FT9CR1OUQHFZZBDZR85U,0.0037078857421875,SHA512
F9JHNJZ7EO1ST9WYAG7YH19ERDS4161YRA9V7UXOQCI7AFSJEN71K0D2YCC612FTZBZR9E8HM78AJ2DG5O5W808WR3FNRMEN96YNFYKZLA5U60MP6V1SIR8ZTISESCPQYRL7S02AAX6QVWYN2WE5BPF69VWQ8CL6RK0U2HKYOKC53C77CB5T6CYORON0CH4FBQURX7P036OY1IE80ED4D7KGKF8U5I68CQ4RLWRR1NS717AJZKETSAST0F25Y41WBZSBU8IUU0QMNZ90RVPAM49LS0X7TC1F2GGRWE1JRMW4PSYNR7A0F84LTWN7GS6OA65UW9KTQB5B828GVLO8G7PQ17CGWA8M69L85Q8QIGI3I4PAMQ6P4TWY99D807KZUYU21RBJVSO2G8J06WK84J6ZPZORO9QO47XZ15ZT4XGRTUR4DM0PE7F334J3ISQZR4AK2NLUBNNT0S6TIOT3AZE3GITY09YKN8AFBK8162X7FY1BVVU6V65TGL2CRSHB4RNV0KP1D7XS5WNE20NPTR5AUD61GGDO4NRE109N9KCRMUXR8BVL3JBWYC1AGQFP1BUGQLEOG9JPCGYLEP3XIO2SL0VAMRHGQQPNR99RBE5GUPMG1Z9OALY0ON76IQBFLOHFJLXAE3OYCHIGO01ZICY5WHTVI4RFBS41XPE98XIBFBDKR20IFUM4I1HUK91L8E6V6ZZJUYYNVMD0XX0ERBSPNWFC6JOQ0QE1NLJTTW0Z7MSAOPEHSQ4JWSCVP4Q5W8YFABI96WXWGL9BJKNR90L3CH3D3BJ5Y0256LY7GA4U4CV8TX4M34WU0E668QDN6MS5SBJ1JO4PQEXLIBP64O9JXM5JJHCOSECQXTA73ZSXZOWX7U78G55U7P8GEHY59JWE6CUMVPVK7STOPTHCAILDPLCHULVQAN0KRVK674BE44SKH97SCY8MYD3LSRU9G1V5PL86IQF9GWIQ1ONCB4ZPNHGWT60X757XZ5B9,0.0034050941467285156,SHA512
D0ZLPDQESP92NJ027FA8DHPUTXAONA10WCQJWWK22QVX93WDPAZZN97RQ0AFBAL7IE9NAP4W4ZLAUO0K65N35UHYHWZHXERWZ8CIVTYET30835TG7EOV7XS5T6J5QWTGE4E532HBLTKL8S9C1NKS19BMHZ2L4XUEK2ZRLNRJLTKNGDE6UIHLBXSD9RSOGA75S96GQ7V6FPGBCDXR2IJQVK6NPG0X9I15VJ215F5CWKRFP89TQRWQ9UD6OVNRS95CIL8YGIQCM4VSEPFQGQ7FHD33RFXTKMC3RP8C4767PG5SNSP23NYPXSVFEUF7C4F6,0.003515005111694336,SHA512
LO9FNCEQWNNGDOZ8OQL02X986MDPUCATXMDH2DGYWSVDVK0RXSEBXORMY0OTYAM6DUSIBXOE3UYEK3NNPYIWWUSHWBI9X1D2O7MD,0.004536151885986328,SHA512
Q3J7NU29F97ZKTS3C74XF7USOOB94CJSN8ED0CKNSCV7X217ZRXVBMVLCZSYWWK8G05OP73Q4EYEQ8RI85ZHQH6ETFOIXAP2BBTU,0.003843069076538086,SHA512
I0HR3FSY1J6ECMHFMCIOE3808LBHH1OEF9MASX1XJX8PVZTH8WV1034EM27C4QRAD0W51G683F0I2493SBIYXMRF7SNLMV5MHRDM483JXA96B5TBTIHJOKTCEPEP8KPXNJ0I4R5EBU0DPRMR83ZR72WMRZ1CR4OU6HNOCIKPJ14O0DKBMPM09AECSOU7OYDJQHOQLWL7OI1RG4QS6PG94K1V0I2SVENGR6NYL0G4S3IY79H09E8B6ZP7EVYTMW7VC613BS30GJFCQ1SIJ4MUJ1ARG6TERQS2YFVCNHFEKV4QMQ7Q3AK302UBEVC3Y0GHU5LY79FFH8PS9UEUV67ROWWRYN1RF1ZZUJ1BOUV6M1OT4OAONT2LCOK14FEGRYR49URDCNB50Q2NUV2O3E62B8ZE8MNM1C0RB58I009UHWR4DEIGEKW4D3PF7R4DKEQ5J57L4U5F9OAL2GUX9A9RJCL49Z49SG7315X19ZA4U7RGA54L1FB479HYPCLJ7Y5XJA3KZUPTR5MA02NTZLXNDFPWN0T7858290BLL7FQGJKUWXFU67FCQRNQIBEWCH32ILE8HIU8NF84LY2W6H8Y60BBR1XLNHJWDY2F3QNBO5FR57CKNK5UDP949Q1B0RG11BXLOI6FVRJHFHMOHDGKVTZMLFMC74792SHL0UZUA3ZMY6H53DK0SQWOHSBC7YFO7RUE4XZ2EFAUVVGWN06LJSIVRNKNDUUUDQPG1FTEU6R5NQGVBD2VMB3ED95WM96CUAXU7M0EMVX8PYL2T5VJ2T8N64N7LIMDXRZOUJFQN46B1XBAUMYW55911C33Y2UMGDHNM1W5DSYOH95Q5KWBVU74XAYQ4AOBCD0C5R3IZX8OA78D403A85QGS2D8KUNXRYQICAFZH284K7DI7WL1I5ZDKK5CJWOMRLU1FYHZ9E07MZCWKNO3UMQC2K00YLL64JOY51N8JDZUM6CD5N1RJ5YTR6O60Z3KNNNX33TP,0.0035657882690429688,SHA512
EZFU44OMIM,0.003390073776245117,SHA512
V33S32TLPKA3A3182WKV4PTXLUB5W50IQWINUCEC1R7HDVNU2DY3T8M27BMCTC6X7JG15ACKWDKDLDDXGC9O1OL5Q6YG5PKA4F2O,0.0033788681030273438,SHA512
AMHI86QAU9F3QJ2DR57A9PVBSNDRGHUAJOGUUMA5TKSVLSSZ4VJ9K2GDYWLEZX5MLBWJCF9ZKEC23BXF5SZBN6SL4KUWT16W5Y4PK4EJY1RGU9YPWR4V5ZMUTY9A872YRG84S7MWV41UPLWG138GJ791D7RJJE15INBD0XANGL0A25ZDT5O1D2091T6NBBWT1JJC1P0J8S3H7W79LBY9D5BFVCQU85I6WGFWG7IKY5Q65OJP2M0IWT6EQ9ZTPCGZN7DD21T870MKRGRZQ8UHEMIQGCOZHHLJDCHY7CQIHF5BC9H1S72XB4UJF23EP2C8,0.0033609867095947266,SHA512
IFX7JQ5N968HH247NL69U1LTCL5GV8VIQQYCSZ0X8HH67CUE0OFU70D0E7OLI4DMM3IM39XSOTH7OVJAZP5BWIH3D17VX715ERQROZZ548D6PRL09LYNJGR328MBV6SDO94YTOF62J536257KZ67JOHEGB25KAJF50E9XSTD8HDMAQM9EV4UF8L786KWON3ELITMLMGHZLSWXBI62V087SM6O6WC7ZAI9IGLXPRINJVY0P6ZNQ415ATEWAQTRLED16QS53KIPO9M5Y37A0RJJAY9AH58B9A2PS4VJ9JSFSUY2P90ZJPZKZBUY3DKY2TGD5SN4Q1B0FP3B179BHJL4CLCLTQ4SHTAYQN498NJJNEA6OY10BXNNIS301IXBIPDBS2ZWS61M4MVLNN2F2OUELECU30X8L96PRP95ERF3ITXBTTR0N5V67X71IPQSIGNM9MJIBBQ1FZLHUE3YLDXW973FFMUCC825GC0WX1ERHF8CNI1PI2NBME6XHA6H8JR5N88DZ7ZWYHGEK74X2ENOK2D3I92XXESNOJFL0PAL72FFTP0J7QBUACRYZ0M4ZDKNP991J1AT54ZQRRAVCA2WDW5M2TVJ8V6LZQUDRB8KRV7EZDQNK9PBOR71QG9FFAIZCX64JS7CGW3R3H91C4YGGFNBE4HXF6UST2EWKRYQ1ODP0ULF1XIZLZMX5BEW49TUC9SEZPZE3R8G928NL2M61FG74GZYP39IR962R4EKV5JKVMNO9ONW1CF4VLRCJKS02YT8ZBDQGOE307XFAIIENVHRHL8EU6Z0VH6U51Y9540MGGKFPD35YRMV91AEA26W65PW5BB6A5D17AB4TFLX35XJI4FMUB2NW0UWFF5S08G8A754GCAYVFV6RO1J0EEUJMVK4T3YXDCA9EPYLXHOMP156KPPHVW8K3WFE3BEG2RBODP1KUVT3WG90AJ70259HBNOX10LR2YP7VPSECU8S67EE5R7Q8OKMPLL9MJ,0.003401041030883789,SHA512
3KDMUG0KRI8V3LHUBHOUK153OX6NJI3YNJOQ3XZ1C09LU54A60WF3TOTZ2T7NE8WAXJW8KPQLC7J8EPV3P0IB1XOATY2AF2HSXSGWH7RO066I2VQ27MR1O47U6RNRFMK78Z7V7T7971TZ0D5HWQAB4YUREGHP0WWTQ1YT2YUVB4SHMHCT6TYNJ5WHQCPFNKG8UW7U3NCFWFEQIF68L3U50J50U5CZM9VCAQ0UZPRHYHFTVRRDHOT28NYJJRSEBLMIT1HSLNN90IKLQDCN9DD2WBAJ0YSULPGH65GUGZC8HKJ2E70HJODAROBJ346FNUGP8BW5W2RE8O3SKV087HDZ30SLRAJSH9PNYLSG0NPVONO1EYNU1GAA6ZP4PVWOO8QAK5UQ6BA5AM6TTAO53YO8QFM2BDXFD5JBLQ9Q637TBJHQ4NXSYUP41EIR6YLHGZ18550875UGK0P83APMAMBKN3FB4QEI5D5UINFOUKJEIVL893C3SMCG5Q2N7BUHSTEVG6DRWJ0F9CZFPLCISYPHHEV9NL7VVU2FC99STEN4C9UEZ2UW5J2PF9UBKCQCVJYQ1P1UJUC9P08UMNTWSDZPKWA154FGOF59XM07MAHAPCH6STRDW4NZLSQTKJHMUHY0EFQER8HY1O23LFGIH4CX1GJ69YNRZ2HLS09P36ZV6W1RIU0MYKP5AKY1PJ1JP55RY2CGJ8V9A5QD1CEUE1W3LLSBPGJ1ETLCUP7R9NZM0PSXWRDIUZKEIH6Y2G2OJIZV0UAX3MZWPXH6MNZ4TUE4LFSDYAWLQ95HBYG8YWX31E4ND1T38VOKGSW4KF69I0A1L9CF6LF0WOOK5T20R7R2DIJESG8GNJMMXX2NTZ6NQQJACOUN531J6T16ACCCK98TPQ666ATJFY0W3RC16B1NJGQ0JYEB6QEFKSN275VI1J9W2R3KVK12YOCIHDBLQT2VIBC7L44GUZ01LONKJ88CW1ZV8PDV089XSCAW2CU,0.003421306610107422,SHA512
5PP4XYS2NW7MYGDIID69K03SZ7E5TRG0,0.0052030086517333984,SHA512
SKFGAGEH13VP53B9XK12X8M5H6UZX5M9,0.0063250064849853516,SHA512
IUOY0W0132S2QPW3WXDS6RU02U1WB4ZB69TKZII1D8987R3AXTMFV77AWVWJZGFDO6FFQ0UJA7ZQOBNPFC3XJ8MCPIEEAZI0DBCW566AIOO49DFJ755BR3H2PUETZYPN5WVB43EG048AVWVZD3C1LV9QTH5FYCJH5B9DVDVL4V2KUXDXK7EQSWDA7IB0B2HK4XZFKPIHJY9X2DPRS4SF3DCJVWJ1GYIRVDSW16MX6CMMQTRX06LW3QLS52G1MQCRKTT5KOGJ9J6EB7BOO2YDJ7E7G0NZAVH7X8DFY1101ZL6KUIRGVRWE1KF8ZAX9TPV,0.003569364547729492,SHA512
UW2HFQHV31,0.006797075271606445,SHA512
WVA5YP2WKT7ZQB63KIDBJ3RREDL7DXR8,0.007187843322753906,SHA512
L2MT3QGX9VH977YNHFHIV3TACGI2GDIC03IBRW9RNGX3913XTKVYJBXU2F6S119DBJ8F2QQ8XB78VU5PWIFQ5WZFZLNUU5VAA1ML,0.006685972213745117,SHA512
MQSJ0XBUX6J3OD577UHIT41DL8RHM6HLUWTXR5A57HSRPCUUHZFFJ9IYAWRCXMGVO3XHEQL88L8LV8X5A0PZS326ALVHDUMVGJL9JPYI57RIIB9VW8KU4YWSMNW6NYPA8HCV91L4QAGER209UL5A7CND0GP94YY4TJEYNH409I96X363JJFK8PP1QU29T1G0FTZZWPB4HVLSRRZPL0BF0J8PDZOZPE9N3XIWR4I4N9C0ZG1I5N9OJTVC2BAN2TXWSRD2MEP6QR5PQI1W7EZXP8PCSTWE51AQMXOTVENYK3MPU78BHZZWR6PD5G8QWQ7R,0.007730960845947266,SHA512
YPHL02CZ83IIZ78F69F6HC7B2ANJQVXHU2S8UQZBG0NWVZ3AN23PFOE6O4YJ25FR664K3FWU2A8MRN2SQ10GEZQD5P5LR0VAW40YXQMX6SCVIQCJ1AP4804UM0O5KNKW60O6UIH15AQPOVZ6A0HNDHKJ8P0GLC2B4MI2Y3NW861RLKL100LPNS9JYGCX4FU10I29PWKF534W2IGJLL995UMU238J6HRQIE2C6ABMD3DD2H4QR9QVMMCIMK71HBGLK6H1YW8EKOMH6BX76NLXOOSK61VFKGJHZPZ9V8102OI08I9MJODRFXDL1R8HYRXV,0.005780935287475586,SHA512
4IKGZLYPZOBYYPYHE48UAWLH0KPS1LYE,0.009090900421142578,SHA512
SEENWAR48JC2OU8UR7QJPOI8J5G60C0OF8OPVI5VEBEKM3OKKWUD443A5U0Q1M23O1JGOV8B8QCHZN5C26XGX01M643I8MXDP7F2E3N4QRNI3TR14W1XACBKHGW2W3MRRIG4ITC532YSV8ZCDPA57FO4O5PO9YA84AMTLWWEMCWKI5TDBL4E65RWNF0E6FNBG4D3IMENE73Q79Y5P1QOY0IMW015OPFSQ2RJ13W7KXW8ZWMDGIP828QUHF1RJXJ68PQ6672X4SLADTWE4C51SZXO6IXTWEM6IK33RN7V56ESSYBBZ5F6S9CVQJZIG83ZTK900UYYHBBN6BMV21BP9H4BP5IXYR8JR8HBY271DOAV46JZIJRFRHYX3PQZV3V71UIVI20VKUHTV7PBG6S69GHH8KYANCPMX4N1K929I9TJJ621T1TSDCA0OGA9E4O7PAPTFMGD5HCAVFHEJJGVLSHJ4TQT6A78EV7UAWTJPA7JO1RPHA1UZB3D9ALB4IGDE4NJEY1XI4MK2H153N2KXOBYSSW6ERCQ8VILVN4RNSH9C6EDCZ2LQFY2ZJCGSN34A2K03LPMLWC0XQS1GIXETX3KNV4TPP0A9UPN5J8Y4NUFHJM698D851D68YFY4KK27ZAVRV6WH4YQHPNAL72ELW2H14GAWMI8AUW4ZPBKYYKWBIUSEJ1TK30XVV2U8ZPK2BBIAPBI86M4KOKI7R716I8ULK535U3K5T57F6LD1C0R4JKCD558EL30F9EYFB5QDZ6WKR08DFSKHJNW18QQG47WBOJZN8AHUCS0990N13VXVEV41MQLKI0I64EYLACQ0K1M1CRKN8Z0PA2FK3H0MKKC7R3F0HA1L52C8OJ22ZEKA428GTMBFP31UXCYY72YNZ4QHFI80HJBDIB8WQEGCUST6ETM299W7MEBF6OK40HXBMI5MMXRKYEMME6UTXVS2KI8U36PU093RQ74ZPQDGIPV71FRE9FA9G44KQIK,0.006811857223510742,SHA512
LZ40S9HJ4E8YJ8U9ZWA3AOXG82OZ6XLSO7HGPWSPN2U3KZH6Y3Y5CAAJRHY70OJKJGPMVUHXEJ4JN6TJHOFMDS4CZC90I551E06FH7BYU8KIWBV68HE8EAWZT0XKXUQYOPJIXMQ6M6G8YR4BXI0HGKOC2HUYRRMA78M220GDLBJCBRI0AANTNISWJ1ZX6IH7EH61LKT53F3R8HZ0P7XHB29YUDURU7TBH3G48NOYHYW5R4KS69J2ZAKVWJEGW569N69A8DN5S57OSYZ0NFS26LC0YL92YLOYJ6K3BCEH2CPAQ9PKBURI9VQSS9QJDCNS,0.004121065139770508,SHA512
FFEW2A8WSA,0.005255937576293945,SHA512
